movieCd,movieNm,movieNmEn,openDt,repGenreNm,repNationNm,directors
20206056,처형의 유혹,,20200707,기타,일본,핫시이
20206057,새엄마의 유혹,,20200707,기타,일본,아카바네 키쿠지로
20191050,여직원 사용 설명서,,20200325,,한국,마의성
20191049,형수의 성교육,,20200326,,한국,김석만
20204166,형수님은 열아홉,,20200805,기타,한국,최성은
20205107,19금 비밀과외,,20200911,기타,한국,리차드 킴
20209446,너무 큰 여선배 - 무삭제,,20201021,멜로/로맨스,한국,천성준
20208668,너무 큰 여선배,,20200508,멜로/로맨스,한국,천성준
20205941,룸싸롱 여대생들 3,,20200420,멜로/로맨스,한국,이민우
20201563,착한 형수 5,,20201021,멜로/로맨스,한국,최찬호
20181871,착한 형수 4 무삭제,,20200303,멜로/로맨스,한국,임현태
20205375,여자 하숙집 4,,20201110,멜로/로맨스,한국,구재은
20202310,나는 야한 여자가 좋다 4 - 무삭제판,,20201118,멜로/로맨스,한국,김종석
20202307,나는 야한 여자가 좋다 4,,20200730,멜로/로맨스,한국,김종석
20197462,어린 형수 5 - 무삭제판 ,,20200205,멜로/로맨스,한국,최우성
20201374,비뇨기과 여의사들 3,,20201124,성인물(에로),한국,조태호
20205185,비뇨기과 여의사들 2 무삭제,,20200716,멜로/로맨스,한국,최민현
20204970,비뇨기과 여의사들 2,,20200210,멜로/로맨스,한국,이왕규
20205064,정사 : 친구의 엄마 3 무삭제,,20200716,멜로/로맨스,한국,최찬호
20209012,두 번째 엄마-불륜정사,,20201203,멜로/로맨스,한국,최환
20113252,톰보이,Tomboy,20200514,드라마,프랑스,셀린 시아마
20207405,욕구불만 친구엄마,,20200612,멜로/로맨스,한국,최민현
20209842,엄마친구 7,,20201023,멜로/로맨스,한국,김춘수
20190621,죽지않는 인간들의 밤,Night of the Undead,20200929,코미디,한국,신정원
20200162,소년시절의 너,Better Days,20200709,멜로/로맨스,중국,증국상
20207561,싸움의 기술 2,The Art of Fighting 2,20200522,액션,한국,김희성
20190972,싸움의 기술,The Art of Fighting,20200227,액션,한국,김희성
20193385,하이큐!! 땅 VS 하늘,Haikyu!! OVA4 and Haikyu!! OVA5,20200123,애니메이션,일본,미츠나카 스스무
20206141,바이올렛 에버가든 – 영원과 자동 수기 인형 -, Violet Evergarden - Eternity and the Auto Memory Doll,20200326,애니메이션,일본,후지타 하루카
20206547,극장판 바이올렛 에버가든,Violet Evergarden: The Movie,20201112,애니메이션,일본,이시다테 타이치
20195711,너는 달밤에 빛나고,You Shine In The Moonlight,20200610,멜로/로맨스,일본,츠키카와 쇼
20192697,미스터 보스,Mr. Boss,20201230,드라마,한국,김형기
20206082,들리나요?,,20200610,다큐멘터리,한국,김봉한
20193862,엄마 바람피게하기 ,Make Mom Have Affair,20200116,코미디,한국,윤원규
20205621,시호,First Love,20200227,멜로/로맨스,한국,홍수동
20207341,레이니 데이 인 뉴욕, A Rainy Day in New York,20200506,코미디,미국,우디 앨런
20208261,범털,King of Prison,20200514,드라마,한국,강태호
20124722,피아니스트의 전설,The Legend Of 1900,20200101,드라마,이탈리아,쥬세페 토르나토레
20183791,바다로 가자,Forbidden Fatherland,20200618,가족,한국,김량
20183358,겨울밤에,Winter's Night,20201210,드라마,한국,장우진
20181169,나는보리,Bori,20200521,가족,한국,김진유
20190735,마티아스와 막심,Matthias & Maxime,20200723,드라마,캐나다,자비에 돌란
20209076,오피스텔: 친구애인,,20201005,성인물(에로),한국,이하
20182447,클로젯,The Closet,20200205,미스터리,한국,김광빈
20201989,롯폰기:불타는 하룻밤,,20201116,성인물(에로),일본,미시마 로쿠사부로
20202181,이별식당,Farewell Restaurant,20200827,뮤지컬,한국,임왕태
20206063,원정녀 1호의 사연 무삭제,,20200302,드라마,한국,최성은
20202962,맛있는 이모,,20200721,멜로/로맨스,한국,이동준
20193172,바람피기 좋은 하루 ,,20200922,성인물(에로),한국,김진우
20207855,바람피기 좋은 날,,20200923,성인물(에로),일본,이즈미 류지
20207120,하녀엄마 : 끝없는 정사,,20201009,성인물(에로),한국,노세기
20206761,밀애 : 친구엄마 3,,20200629,성인물(에로),한국,최찬호
20203763,충격 실제정사,,20201221,성인물(에로),한국,최진철
20200766,실제정사,,20200617,성인물(에로),한국,김석만
20204107,주디,Judy,20200325,드라마,영국,루퍼트 굴드
20193450,반도,Peninsula,20200715,액션,한국,연상호
20181105,기억의 전쟁,Untold,20200227,다큐멘터리,한국,이길보라
20197922,다만 악에서 구하소서,DELIVER US FROM EVIL,20200805,범죄,한국,홍원찬
20196938,트랜짓,Transit,20200702,드라마,독일,크리스티안 펫졸드
20201173,운디네,Undine,20201224,드라마,독일,크리스티안 펫졸드
20202502,애프터: 그 후,After We Collided,20201007,멜로/로맨스,미국,로저 컴블
20200909,스왈로우,Swallow,20200703,미스터리,미국,카를로 미라벨라 데이비스
20201174,언플랜드,Unplanned,20201217,드라마,미국,척 콘젤만
20185616,기도의 힘,War Room,20200409,드라마,미국,알렉스 켄드릭
20207282,태양의 소녀들,Girls of the Sun,20201022,드라마,프랑스,에바 허슨
20206424,사랑하고 있습니까,Are you in love,20200325,판타지,한국,김정권
20207723,보이콰이어,Boychoir,20200514,드라마,미국,프랑소아 지라드
20209954,광주비디오: 사라진 4시간,Gwangju Video: The missing,20200716,다큐멘터리,한국,이조훈
20202853,장 미쉘 바스키아: 더 레이디언트 차일드,Jean-Michel Basquiat: The Radiant Child,20201209,다큐멘터리,미국,탐라 데이비스
20190582,내가 죽던 날,THE DAY I DIED : UNCLOSED CASE,20201112,드라마,한국,박지완
20192193,도굴,Collectors,20201104,범죄,한국,박정배
20209021,런 보이 런,RUN BOY RUN,20200528,드라마,한국,오원재
20196842,걸즈 앤 판처 최종장 제1화,GIRLS und PANZER das FINALE: Part I,20200108,애니메이션,일본,미즈시마 츠토무
20209946,담쟁이,Take Me Home,20201028,가족,한국,한제이
20209111,슈퍼펫,Stardog and Turbocat,20200813,애니메이션,영국,벤 스미스
20205262,엽문4: 더 파이널,Ip Man4: The Finale,20200401,액션,홍콩,엽위신
20207531,퍼스트 러브,First Love,20201217,범죄,일본,미이케 다카시
20206021,건즈 아킴보,Guns Akimbo,20200415,액션,영국,제이슨 레이 하우덴
20178401,검객,The Swordsman,20200923,액션,한국,최재훈
20190601,디바,Diva,20200923,스릴러,한국,조슬예
20192623,어서오시게스트하우스,Welcome to the Guesthouse,20200813,드라마,한국,심요한
20201002,조제,Josée,20201210,멜로/로맨스,한국,김종관
20194242,왕대륙의 기묘기사,Ghost Blows Out The Light,20200430,기타,중국,조소구
20193666,오! 문희,Oh! My Gran,20200902,코미디,한국,정세교
20199816,담보,Pawn,20200929,드라마,한국,강대규
20202625,마지막 휴가,Last Holiday,20201210,기타,한국,노거경
20183385,카오산 탱고,"On the Road, Khaosan Tango",20200730,드라마,한국,김범삼
20200246,부활: 그 증거,Stigma,20201008,다큐멘터리,한국,김상철
20204098,안티고네,Antigone,20201119,드라마,캐나다,소피 드라스프
20198484,나를 구하지 마세요,Please Don't Save Me,20200910,드라마,한국,정연경
20195962,증발,Evaporated,20201112,다큐멘터리,한국,김성민
20190562,울지마 톤즈 2 : 슈크란 바바,,20200109,다큐멘터리,한국,강성옥
20196675,젊은이의 양지,Light for the Youth,20201028,드라마,한국,신수원
20202368,"내 어깨 위 고양이, 밥 2",A Gift from Bob,20201224,가족,영국,찰스 마틴 스미스
20207256,황무지 5월의 고해,,20201028,드라마,한국,김태영
20190811,너의 새는 노래할 수 있어 ,And Your Bird Can Sing ,20200416,멜로/로맨스,일본,미야케 쇼
20192621,초능력소년사건,The Lapse,20200528,드라마,중국,채수응
20196201,소리꾼,The Singer,20200701,사극,한국,조정래
20181983,이웃사촌,Best Friend,20201125,드라마,한국,이환경
20188421,미스터 주: 사라진 VIP,MR. ZOO: THE MISSING VIP,20200122,코미디,한국,김태윤
20181162,돌멩이,Stone Skipping,20201015,드라마,한국,김정식
20202852,욕정의 며느리3,Hitodzuma wa seppun ni ochiru yurusa renu gifu to no kuchidzuke,20201210,드라마,일본,카즈마
20181166,기도하는 남자,Pray,20200220,드라마,한국,강동헌
20196800,루비,Ruby,20200730,드라마,한국,박한진
20196773,남매의 여름밤,Moving On,20200820,드라마,한국,윤단비
20207344,남편 친구,,20201203,성인물(에로),한국,윤경식
20197853,잔칫날,Festival,20201202,드라마,한국,김록경
20201841,부활,,20200709,다큐멘터리,한국,구수환
20200883,미드나이트 스카이,The Midnight Sky,20201209,드라마,미국,조지 클루니
20202601,렛 힘 고,Let Him Go,20201105,범죄,미국,토마스 베주차
20203842,페이트 스테이 나이트 헤븐즈필 제3장 스프링 송,Fate/stay night [Heaven's Feel] Ⅲ. spring song,20201022,애니메이션,일본,스도 토모노리
20209430,열혈형사,Hot Blooded Detective,20200618,코미디,한국,윤여창
20078605,낙엽귀근,Getting Home,20200924,코미디,중국,장양
20197032,후쿠오카,FUKUOKA,20200827,드라마,한국,장률
20190461,프랑스여자,A French Woman,20200604,드라마,한국,김희정
20196672,럭키 몬스터,Lucky Monster,20201203,드라마,한국,봉준영
20190465,욕창,A Bedsore,20200702,드라마,한국,심혜정
20205341,선샤인 패밀리,Sunshine Family,20201231,드라마,한국,김태식
20196750,웰컴 투 X-월드,Welcome to X-World,20201029,다큐멘터리,한국,한태의
20196701,69세,An Old Lady,20200820,드라마,한국,임선애
20200002,프리즈너,The Prisoner,20200723,액션,한국,양길영
20200471,스웨그,SWAG,20201210,드라마,한국,임성관
20190268,세트플레이,Set Play,20201210,드라마,한국,문승욱
20206928,낮손님,Mr. Daytime,20200415,코미디,한국,박세민
20203124,"이별유예, 일주일",,20201209,드라마,한국,김규현
20208523,용루각: 비정도시,Dragon Inn Part 1 : The City of Sadness,20201203,액션,한국,최상훈
20202128,100% 울프: 푸들이 될 순 없어,100% Wolf,20201224,애니메이션,호주,알렉스 스타더만
20209869,힐빌리의 노래,Hillbilly Elegy,20201111,드라마,미국,론 하워드
20200419,맹크,Mank,20201118,드라마,미국,데이빗 핀처
20183642,뮤직 앤 리얼리티 ,Fiction & Other Realities,20201223,드라마,한국,빅 포니
20209836,개 같은 것들,Things like dogs,20201217,드라마,한국,최종학
20207254,나의이름,THE NAME,20201014,멜로/로맨스,한국,허동우
20190481,앙상블,Ensemble,20201105,드라마,한국,정형석
20205381,내언니전지현과 나,People in Elancia,20201203,다큐멘터리,한국,박윤진
20201687,기기괴괴 성형수,Beauty Water,20200909,공포(호러),한국,조경훈
20209802,국도극장: 감독판,Somewhere in Between,20200529,드라마,한국,전지희
20193859,사라진 시간,ME AND ME,20200618,미스터리,한국,정진영
20203504,라이어트: 기계들의 역습,Robot Riot,20201223,SF,미국,무명
20204643,다시 만난 날들,Da Capo,20200924,뮤지컬,한국,심찬양
20200583,요가학원 : 죽음의 쿤달리니,The Cursed Lesson,20201118,공포(호러),한국,전재홍
20201175,버든: 세상을 바꾸는 힘,Burden,20201125,드라마,미국,앤드류 헤클러
20202265,누군가 어디에서 나를 기다리면 좋겠다,I Wish Someone Were Waiting for Me Somewhere,20201217,드라마,프랑스,아르노 비야르
20078865,함께 있을 수 있다면,Hunting and Gathering,20201224,멜로/로맨스,프랑스,끌로드 베리
20202647,나이팅게일,The Nightingale,20201230,스릴러,호주,제니퍼 켄트
20202928,탱크 투 베를린,On the Road to Berlin,20201223,액션,러시아,무명
20202666,가을의 마티네,At the end of the Matinee,20201231,멜로/로맨스,일본,니시타니 히로시
20200683,그날이 온다,The Day Shall Come,20201209,코미디,영국,크리스토퍼 모리스
20204432,애비규환,MORE THAN FAMILY,20201112,드라마,한국,최하나
20200304,테우리,Teuri,20200709,드라마,한국,이난
20198996,여름날,Days in a Summer,20200820,드라마,한국,오정석
20202002,인플루언서,Influnencer,20201125,다큐멘터리,한국,오영근
20197121,삼진그룹 영어토익반,SAMJIN COMPANY ENGLISH CLASS,20201021,드라마,한국,이종필
20200127,우리 안의 그들,Their who inside of us,20201101,기타,한국,김태진
20205001,도망친 여자,The Woman Who Ran,20200917,드라마,한국,홍상수
20196673,에듀케이션,The Education,20201126,드라마,한국,김덕중
20200129,러브라인,,20201101,기타,한국,오두경
20209368,네 번째 엄마,,20201231,성인물(에로),한국,윤경식
20204171,며느리 : 탐스러운 육체,,20201229,멜로/로맨스,한국,조태호
20203914,스와핑 : 자매의 남자들 무삭제,,20201225,성인물(에로),한국,이대길
20203915,거짓말 : 친구엄마 무삭제,,20201225,성인물(에로),한국,이대길
20202848,애첩,,20201224,성인물(에로),한국,리차드 킴
20203288,신입 여사원,,20201223,성인물(에로),한국,한동호
20203210,더러운아내 무삭제판,,20201223,드라마,한국,최정자
20198014,형의 여자를 탐하다 무삭제,,20201222,멜로/로맨스,한국,김환
20202923,착한 유부녀들,,20201221,성인물(에로),한국,조태호
20202847,애인공유,,20201218,성인물(에로),한국,리차드 킴
20203543,섹스 소녀 10,,20201218,멜로/로맨스,한국,최진철
20204224,출장 마사지 : 흥분한 여자들 2 무삭제,,20201216,멜로/로맨스,한국,김진우
20205824,스와핑 : 선배의 아내 무삭제,,20201216,멜로/로맨스,한국,한대위
20206764,내 아내의 엄마 2 무삭제,,20201216,멜로/로맨스,한국,최찬호
20206881,나쁜 처제 2 무삭제,,20201216,멜로/로맨스,한국,김진우
20202944,정사 : 타인의 아내,,20201215,성인물(에로),한국,조태호
20207755,여자 동창들 : 친구 오빠와 섹스한 날 무삭제,,20201215,멜로/로맨스,한국,최민현
20197849,엄마친구 2020 무삭제,,20201215,멜로/로맨스,한국,김환
20202746,시진5,Siccin 5,20201215,공포(호러),미국,무명
20203051,애인의 가슴 큰 친구,,20201211,성인물(에로),한국,정미나
20206046,관계 : 특별한 형수 2 무삭제,,20201211,멜로/로맨스,한국,김진우
20203154,섹스 소녀 8,,20201210,멜로/로맨스,한국,최진철
20202851,발정난 동창,Dosokai no yoru ni,20201210,드라마,일본,무명
20203469,모델 박아라 감독판,,20201210,성인물(에로),한국,이상수
20202896,계부의 욕정,Haitoku no chigiri gifu to Nidzuma,20201210,드라마,일본,사다오카 사다오
20209367,"스와핑, 그 위험한 섹스",,20201208,성인물(에로),한국,윤경식
20203127,섹스 소녀 9,,20201208,멜로/로맨스,한국,최진철
20202922,불륜 동창회 3,,20201208,성인물(에로),한국,조태호
20209704,메가 블리자드,Abominable,20201207,공포(호러),미국,무명
20203903,불륜여행 : 여친의 언니,,20201204,성인물(에로),한국,이대길
20201169,며느리 : 잘못된 관계,,20201204,멜로/로맨스,한국,최찬호
20202588,천년여우 구미호,,20201203,멜로/로맨스,한국,최환
20205109,빚투: 부부교환 무삭제,,20201202,성인물(에로),한국,정미나
20202710,육덕녀의 황홀한 서비스,,20201201,성인물(에로),일본,핫시이
20202707,대학선배에게 뺏긴 약혼녀,,20201201,성인물(에로),일본,핫시이
20202791,노리개가 된 젊은 사모님,A Bad Daydream,20201201,드라마,일본,다테 류지
20202709,나만의 판타지 섹스2,,20201201,성인물(에로),일본,타케다 케이시
20202708,나만의 판타지 섹스,,20201201,성인물(에로),일본,타케다 케이시
20200407,코벤,Coven,20201210,공포(호러),미국,무명
20202424,죽고 싶은 인간들의 밤,Dead by dawn,20201221,공포(호러),미국,숀 케인
20209323,스페셜 솔져,Search and Destroy,20201222,액션,폴란드,대니 레너
20202807,로마-저항군의 탄생,The Rebels,20201210,액션,영국,무명
20202460,런 런 런,Wreck,20201228,공포(호러),미국,무명
20203032,라이즈 오브 워리어 퀸: 부디카,Boudica: Rise of the Warrior Queen,20201216,액션,영국,무명
20200415,돈 스피크,Don't Speak,20201214,공포(호러),미국,스콧 제프리
20204695,기색충 - 무삭제판,,20201230,멜로/로맨스,한국,김종석
20202325,구멍 교환 - 무삭제판,,20201216,멜로/로맨스,한국,김종석
20204351,욕구불만 아내의 사생활,,20201231,멜로/로맨스,일본,사노 B사쿠
20204314,와이프 렌탈 서비스 무삭제판,,20201231,멜로/로맨스,일본,사이유키
20204353,숙모의 망사팬티 무삭제판,,20201231,멜로/로맨스,일본,와카마츠 쇼군
20204352,발정난 미망인의 유혹,,20201231,멜로/로맨스,일본,나카지마 타로
20204349,음란한 안드로이드,,20201230,멜로/로맨스,일본,코메이
20204350,모녀들의 은밀한 유혹,,20201230,멜로/로맨스,일본,히이라기 엔부
20204312,리얼돌:부드럽게 다뤄줘요,,20201230,멜로/로맨스,일본,코이케.Jp
20204270,막장자매 클라쓰,,20201230,성인물(에로),한국,한길수
20203947,클라운 돌,Clown Doll,20201223,공포(호러),미국,스콧 제프리
20209366,전쟁,Disturbing the Peace,20201230,액션,미국,요크 샤클톤
20202703,뱅가드,Vanguard,20201230,액션,중국,당계례
20203472,어린과부 무삭제,,20201215,멜로/로맨스,한국,한동호
20207492,봉쇄수도원 카르투시오,The Carthusian Cloistered Monastery,20201119,다큐멘터리,한국,김동일
20200200,추억의 검정고무신,The Precious memory of Gogo Brothers,20201119,애니메이션,한국,송정율
20202884,먹어주는 유부녀 무삭제판,,20201228,멜로/로맨스,한국,윤준세
20194424,소리도 없이,Voice of Silence,20201015,범죄,한국,홍의정
20209538,썸머 85,Summer of 85,20201224,멜로/로맨스,기타,프랑수아 오종
20203788,B형물많고화끈한처제,,20201225,멜로/로맨스,한국,판
20202177,붉은 눈,Red Snow,20201224,미스터리,일본,무명
20203916,혼전순결:아래보단 입으로,,20201223,멜로/로맨스,일본,아카바네 류지
20203945,하마사키 마오의 은밀한 투잡,,20201223,멜로/로맨스,일본,호소카와 켄
20202685,처제가 왜 거기서 나와?,,20201223,멜로/로맨스,한국,김종석
20203940,남편 몰래 당하는 거유 유부녀,,20201223,멜로/로맨스,일본,히이라기 엔부
20203944,귀여운 옆집여자의 유혹,,20201223,멜로/로맨스,일본,야만카 소쿠스
20180939,남산의 부장들,The Man Standing Next,20200122,드라마,한국,우민호
20205525,장마,The Rainy Season,20200227,다큐멘터리,한국,이용남
20183572,작은 빛,Tiny Light,20200123,드라마,한국,조민재
20190482,좋은 여자,Wonderful Woman,20200528,드라마,한국,전규환
20190727,죽도 서핑 다이어리,Jukdo Surfing Diary,20200507,드라마,한국,이현승
20180962,지푸라기라도 잡고 싶은 짐승들,BEASTS CLAWING AT STRAWS,20200219,스릴러,한국,김용훈
20156923,슈팅걸스,Shooting Girls,20200506,드라마,한국,배효민
20192751,찬실이는 복도 많지,Lucky Chan-sil,20200305,드라마,한국,김초희
20181282,"센베노,평창",,20200101,다큐멘터리,한국,곽동철
20183366,성혜의 나라,The Land of Seonghye,20200130,드라마,한국,정형석
20204902,창은 ,,20200201,드라마,한국,윤지혜
20206963,설화,Snow Blossoms,20200416,스릴러,한국,최형렬
20197863,침입자,Intruder,20200604,미스터리,한국,손원평
20206190,서치 아웃,Search Out,20200415,스릴러,한국,곽정
20194715,산티아고의 흰 지팡이 ,Buen Camino,20200319,다큐멘터리,한국,이종은
20190522,파도를 걷는 소년,The Boy From Nowhere,20200514,드라마,한국,최창환
20183128,비행,Dreamer,20200319,드라마,한국,조성빈
20193836,핑크퐁 시네마 콘서트 : 우주대탐험,,20200130,애니메이션,한국,변희선
20196774,바람의 언덕,The Hill of Wind,20200423,드라마,한국,박석영
20191042,하트,HEART,20200227,드라마,한국,정가영
20192843,바꿔 할래? 무삭제,,20200409,멜로/로맨스,한국,한대위
20183002,해치지않아,SECRET ZOO,20200115,코미디,한국,손재곤
20191682,몽마르트 파파,Montmartre de Papa,20200109,다큐멘터리,한국,민병우
20181685,호텔 레이크,,20200429,공포(호러),한국,윤은경
20195491,혼 : 공포의 시작,,20200213,공포(호러),한국,유성호
20192101,히트맨,HITMAN: AGENT JUN,20200122,코미디,한국,최원섭
20191242,대전 블루스,"Last Blues, Last Dance",20200423,드라마,한국,박철웅
20206808,꼴통 2인조,,20200409,액션,한국,박준식
20201284,김일성의 아이들,KIM IL SUNG's Children,20200625,다큐멘터리,한국,김덕영
20192984,극장판 미니특공대: 공룡왕 디노 ,Miniforce: Dino King,20200206,애니메이션,한국,이영준
20205378,그녀의 비밀정원,Invitation,20200422,드라마,한국,김인식
20182590,국도극장,Somewhere in Between,20200529,드라마,한국,전지희
20191422,공수도,Justice High,20200409,액션,한국,채여준
20199532,고양이 집사,Our Cat,20200514,다큐멘터리,한국,이희섭
20183813,결백,Innocence,20200610,드라마,한국,박상현
20193069,#살아있다,#ALIVE,20200624,드라마,한국,조일형
20192567,원더 우먼 1984,Wonder Woman 1984,20201223,액션,미국,팻티 젠킨스
20208595,얼굴없는 보스: 못다한 이야기 감독판,,20200513,범죄,한국,임성용
20209369,처제의 은밀한 맛,,20201217,성인물(에로),한국,윤경식
20186647,청춘빌라 살인사건,Dogs in the House,20200102,코미디,한국,신해강
20190549,잊지 않았어요,,20200101,기타,한국,박용철
20202436,캠핑촌 아내,,20201217,성인물(에로),한국,최정자
20205216,호프,Hope,20201217,드라마,기타,마리아 소달
20205157,용감한 토끼 당당이,Brave Rabbit 2-Crazy Circus,20201217,애니메이션,중국,증헌림
20203263,장모의 마사지 - 무삭제,,20201216,멜로/로맨스,한국,이정석
20203648,예비신부의 첫날밤,,20201216,멜로/로맨스,일본,히이라기 엔부
20203635,대물의 유혹:많이 쌓였죠?,,20201216,멜로/로맨스,일본,야만카 소쿠스
20202897,관음증 남편 : 거유 아내,Dokusen yoku no tsuyoi otto ga shibushibukyonyu tsuma no kaisha tsutome o yurushita kekka,20201208,드라마,일본,무명
20200936,리플레이,American Folk,20201216,드라마,미국,데이비드 하인즈
20203634,양아버지의 뜨거운 맛,,20201215,멜로/로맨스,일본,쿠로아카 긴조
20203646,섹스에 환장한 아줌마들 무삭제판,,20201215,멜로/로맨스,일본,이즈미 류지
20203647,누드모델이 된 아내,,20201215,멜로/로맨스,일본,토미죠 타로
20203633,내 아내의 섹파 무삭제판,,20201215,멜로/로맨스,일본,토미죠 타로
20206843,마음 울적한 날엔,One blue rainy day,20201008,드라마,한국,한유원
20205096,세인트 아가타 ,"St, Agatha",20200319,공포(호러),미국,대런 린 보우즈만
20204761,더 테러리스트,Frenzy,20200226,범죄,기타,무명
20203125,은밀한 스와핑,,20201212,멜로/로맨스,한국,판
20202926,처제길들이기,,20201211,성인물(에로),한국,패콘
20202858,여친의 새엄마,,20201211,멜로/로맨스,한국,이정석
20181092,디어 마이 지니어스,Dear My Genius,20201022,다큐멘터리,한국,구윤주
20200554,더 프롬,The Prom,20201202,코미디,미국,라이언 머피
20201304,나의 인생여행,Monsoon,20201210,드라마,영국,무명
20200262,엽문 리부트 2020,Ip Man: Kung Fu Master,20201126,액션,중국,이입명
20201203,해머 오브 갓,Hammer of the Gods,20201125,액션,영국,파렌 블랙번
20209962,인퍼머스,Infamous,20201111,범죄,미국,무명
20200645,얼론,Alone,20201118,액션,미국,조니 마틴
20208628,트라이얼 오브 더 시카고 7,The Trial of the Chicago 7,20201007,드라마,미국,아론 소킨
20209746,초대녀 3,,20201210,멜로/로맨스,한국,김종석
20203027,프리키 데스데이 순한맛,FREAKY,20201210,코미디,미국,크리스토퍼 랜던
20193532,스카이와 친구들: 로보시티의 비밀,Robiki,20201210,애니메이션,기타,무명
20208361,머리카락,Escape the Corset,20201210,다큐멘터리,한국,이미해
20208016,레벨 16,LEVEL 16,20201210,스릴러,캐나다,무명
20202366,800,The Eight Hundred,20201210,전쟁,중국,관후
20203156,내 누나는 야설작가 - 무삭제,,20201209,멜로/로맨스,한국,이정석
20203155,18 출사녀 화진의 미친 섹스,,20201207,멜로/로맨스,한국,최진철
20202788,흠뻑 젖어버린 다다미방,,20201208,멜로/로맨스,일본,아카바네 류지
20202850,외설마사지 고삐풀린아내,Waisetsu massaji otto no shiranai tsuma no himitsu,20201208,드라마,일본,류타
20202849,아내의 내조 : 빼앗긴 아내,"Anata, yurushite. Onna no aji",20201208,드라마,일본,나기라 겐조
20202805,성교육 시켜주는 리얼돌,,20201208,멜로/로맨스,일본,코이케.Jp
20206825,더 게이트,The Realm,20201208,드라마,스페인,무명
20202857,야간학교 : 음란한 누나들의 아찔한 수업,night school,20201204,성인물(에로),일본,무명
20202787,아내의 음탕한 비밀,,20201207,멜로/로맨스,일본,토미죠 타로
20202898,벌거벗은 옆집여자들,,20201207,멜로/로맨스,일본,야마나카 소쿠스
20202804,남편 친구의 유혹,,20201207,멜로/로맨스,일본,사노 B사쿠
20202803,남자 맛보기:영계가 좋아,,20201207,멜로/로맨스,일본,아카바네 류지
20196676,종이꽃,Paper Flower,20201022,드라마,한국,고훈
20201572,흑심을 보인 시아버지,,20201204,성인물(에로),일본,코지마 유키오
20202854,핫바디 여의사:야한진료,,20201204,멜로/로맨스,일본,후나다 테루유키
20201537,첫키스부터 XX까지 엄마친구,,20201204,성인물(에로),일본,다나카 켄타로
20201528,여자마사지사는 정말 주는가,,20201204,성인물(에로),일본,스즈키 켄이치로
20201529,술취한 직장후배와 원나잇 가능,,20201204,성인물(에로),일본,스즈키 켄이치로
20201505,선넘은 F컵 물리치료사,,20201204,성인물(에로),일본,스즈키 켄이치로
20202899,미망인:많이 쌓였어요,,20201204,멜로/로맨스,일본,쿠로아카 긴조
20201052,그리고 우린 춤을 추었다,And Then We Danced,20201125,드라마,프랑스,레반 아킨
20201446,공짜섹스,,20201123,멜로/로맨스,한국,최진철
20202900,쿨한 유부녀:몸으로 말해요,,20201203,멜로/로맨스,일본,하라다 칸토나
20202855,이웃집 영계:아이를 갖고싶어,,20201203,멜로/로맨스,일본,고토지 미츠루
20202905,이웃집 돌싱녀:섹스상담,,20201203,멜로/로맨스,일본,버드맨 텟페이
20202856,과부의 발정:밤이면 밤마다,,20201203,멜로/로맨스,일본,코이케.Jp
20169728,알피니스트 - 어느 카메라맨의 고백 ,Alpinist,20201015,다큐멘터리,한국,임일진
20201105,극장판 기븐,Given the Movie,20201126,애니메이션,일본,야마구치 히카루
20208828,불량한 가족,Road Family,20200709,코미디,한국,장재일
20173761,犬견 : 버려진 아이들,,20201018,범죄,한국,서하늘
20206710,파티마의 기적 ,Fatima,20201203,드라마,미국,마르코 폰테코르보
20202536,태양을 삼켜버린 자들,Locusts,20201203,범죄,호주,무명
20207829,로맨틱 코미디,Romantic Comedy,20201203,다큐멘터리,미국,무명
20202728,맛있는 세자매 2 - 무삭제,,20201202,멜로/로맨스,한국,천성준
20203605,마누라 공유하기 - 무삭제판,,20201202,멜로/로맨스,한국,계장혁
20206291,피원에이치 : 새로운 세계의 시작 ,P1H,20201008,드라마,한국,창
20201970,레전더리 콘서트: 카를로스 클라이버,Legendary Concert: Carlos Kleiber & Vienna Philharmonic,20201202,공연,독일,카를로스 클라이버
20202176,예민한 모녀 무삭제판,,20201130,멜로/로맨스,한국,성운아
20200087,백신 모유를 가진 그녀,,20201129,멜로/로맨스,한국,최진철
20202435,여동생의 맛,,20201127,멜로/로맨스,한국,최진철
20202266,볼빨간 형수님,,20201127,성인물(에로),한국,최성은
20202250,볼빨간 여동생,,20201127,성인물(에로),한국,최성은
20202519,누군가 있다,The Child Remains,20201127,공포(호러),미국,마이클 멜스키
20209011,어린 작은엄마 무삭제,,20201124,멜로/로맨스,한국,최민현
20201244,싸이코: 13번째 희생자,Investigation 13,20201201,공포(호러),미국,무명
20202432,착한 형수 : 두 부부가 이혼한 날 무삭제,,20201123,성인물(에로),한국,이대길
20203884,착한 형수 : 두 부부가 이혼한 날,,20201123,성인물(에로),한국,이대길
20202228,옆집유부녀 강탈,"Anata, yurushite Tonari no otoko ni okasa rete 6",20201123,멜로/로맨스,일본,나기라 겐조
20202186,남편 같은 큰 아들,Kin katajikena no mibojin tsurego ni okasarete,20201123,멜로/로맨스,일본,카즈마
20202487,토스카,TOSCA,20201201,공연,이탈리아,무명
20201775,아는사이,,20201120,성인물(에로),한국,에로핑
20203047,팽말숙 : 실전주의,,20201119,성인물(에로),한국,정미나
20200938,저주받은 이야기들,Watch If You Dare,20201118,코미디,미국,무명
20200937,미샤 버튼의 감금,The Basement,20201118,공포(호러),미국,무명
20202027,섹스 소녀 7,,20201117,멜로/로맨스,한국,최진철
20201631,비키니 바 : 맛있는 서비스,,20201117,성인물(에로),한국,조태호
20206132,데드맨 스탠딩,Deadman Standing,20201117,스릴러,미국,무명
20201651,못말리는 사촌동생,,20201116,성인물(에로),한국,최성은
20208374,루아나의 세계,What The Night Can Do,20201116,드라마,미국,무명
20208477,고객센터: 살인예고,Crisis Hotline,20201115,스릴러,헝가리,무명
20209047,18 섹시퀸 유진의 섹스 스캔들,,20201113,멜로/로맨스,한국,최진철
20200201,편의점 알바생 변태사장의교육,,20201113,드라마,한국,한동호
20200064,여자친구의 맛 2,,20201113,멜로/로맨스,한국,최진철
20206232,아들의 여친 아빠의 여친,,20201113,성인물(에로),한국,주현일
20201984,스와핑 : 두 부부의 이혼여행 무삭제,,20201112,성인물(에로),한국,이대길
20200752,욕망 : 친구의 아내,,20201111,멜로/로맨스,한국,최찬호
20204603,연애 : 엄마친구 3  ,,20201111,멜로/로맨스,한국,최찬호
20207366,여친 엄마 4,,20201111,멜로/로맨스,한국,최찬호
20200204,커플교환섹스,,20201110,멜로/로맨스,한국,한대위
20208583,옆집 누나 : 한번 줄까?,,20201110,멜로/로맨스,한국,한대위
20200197,여자 동창 : 우리 지금 할까?,,20201110,멜로/로맨스,한국,한대위
20201650,형수에 반하다,,20201109,성인물(에로),한국,최성은
20201372,산부인과 남의사들,,20201106,성인물(에로),한국,조태호
20208851,화이트 블러드,,20201104,범죄,헝가리,무명
20203630,슬기로운 불륜생활,,20201110,멜로/로맨스,한국,전지원
20203629,별에서 온 순임,,20201110,드라마,한국,전지원
20209859,불륜의 세계 무삭제판,,20201103,성인물(에로),한국,신성진
20207767,도둑까치,La Gazza Ladra,20201103,공연,이탈리아,무명
20200206,육덕 여직원과 러브호텔에서...,,20201102,성인물(에로),일본,이시카와 킨
20203201,아내의 친구 :  아내 몰래 섹스한 날 무삭제,,20201102,멜로/로맨스,한국,최민현
20200235,신인 AV 여배우의 첫 촬영,,20201102,성인물(에로),일본,타케다 케이시
20207493,놈놈놈: 캔자스의 무법자,The Dalton Gang,20201102,액션,미국,크리스토퍼 포브스
20207602,검은 사제들: 지옥의 문,Gates of Darkness,20201102,공포(호러),미국,돈 E. 폰트르로이
20209614,해피 데스데이: 악마의 큐피드,Cupid,20201130,공포(호러),미국,스콧 제프리
20209264,데빌 인사이드 미,Demons Inside Me,20201130,공포(호러),캐나다,무명
20202883,내 친구 아내 무삭제판,,20201130,멜로/로맨스,한국,윤준세
20201982,라 보엠 ,La Boheme,20201129,공연,독일,무명
20201992,핫바디 처제,,20201128,멜로/로맨스,한국,윤준세
20202425,사이버 브라이드,Cyber Bride,20201125,SF,미국,루이자 워렌
20209650,택스 콜렉터,The Tax Collector,20201118,액션,미국,데이비드 에이어
20202087,술취한여대생들,,20201127,멜로/로맨스,한국,천성준
20209724,음란 과외 3,,20201126,멜로/로맨스,한국,김종석
20202534,완벽한 몸매:새엄마의 성교육,,20201126,멜로/로맨스,일본,진 류지
20202535,미모의 리얼돌과 황홀한 정사,,20201126,멜로/로맨스,일본,코이케.Jp
20202328,콴타: 외계와의 조우,Quanta,20201118,SF,호주,무명
20208839,스토커 광기의 살인,American Killing,20201116,스릴러,헝가리,무명
20208871,몰록 제물이 된 아이들,Red Handed,20201104,스릴러,헝가리,무명
20200527,더 듀얼,By Way of Helena,20201119,범죄,미국,무명
20200238,프린세스 에미: 마법 책의 비밀,Princess Emmy,20201126,애니메이션,독일,피엣 드 라이커
20202611,지옥의 묵시록 파이널 컷,APOCALYPSE NOW FINAL CUT,20201126,전쟁,미국,프란시스 포드 코폴라
20209771,가나의 혼인잔치: 언약,Before the Wrath,20201126,다큐멘터리,미국,무명
20202531,포르노 여작가의 체험취재,,20201125,멜로/로맨스,일본,이시바시 클리트
20202532,식지 않는 유부녀의 팬티 속,,20201125,멜로/로맨스,일본,코이케.Jp
20202515,술집마담 섹스서비스,,20201125,멜로/로맨스,일본,겐겐
20202533,남편이 잠든 사이 옛 애인과의 정사,,20201125,멜로/로맨스,일본,코이케.Jp
20200294,런,Run,20201120,미스터리,미국,아니쉬 차간티
20201123,프리키 데스데이,Freaky,20201125,코미디,미국,크리스토퍼 랜던
20200374,최미역행,The most beautiful retrograde,20201125,드라마,중국,판위린
20200475,로그,Rogue,20201125,액션,미국,M.J. 버세트
20202513,핫 바디 리얼돌:황홀한 정사,,20201124,멜로/로맨스,일본,코이케.Jp
20202511,젖어버린 아내:만족시켜 드릴게요,,20201124,멜로/로맨스,일본,사노 B사쿠
20202514,이웃여자:다 보여줄게,,20201124,멜로/로맨스,일본,시온
20202512,발정난 아내의 유혹,,20201124,멜로/로맨스,일본,히이라기 엔부
20201972,내로남불,,20201123,멜로/로맨스,한국,윤준세
20206815,여동생과 은밀한 거래,,20201112,성인물(에로),한국,윤경식
20209351,나이스 걸 라이크 유,A Nice Girl Like You,20201118,코미디,미국,무명
20198870,어게인,Again,20200730,뮤지컬,한국,조창열
20209147,바람난 아내의 비밀,,20201119,성인물(에로),한국,윤경식
20207345,내 아내가 아닌,,20201119,성인물(에로),한국,윤경식
20202476,피아니스트의 마지막 인터뷰,CODA,20201119,드라마,캐나다,클로드 라롱드
20201985,엠티맨,The Empty Man,20201119,공포(호러),미국,무명
20201178,엑설런트 어드벤쳐 3,Bill & Ted Face the Music,20201119,어드벤처,미국,딘 패리소트
20205258,구직자들,The Interviewees,20201112,SF,한국,황승재
20196674,갱,GANG,20200116,액션,한국,조바른
20205969,걸후드,Girlhood,20201112,드라마,프랑스,셀린 시아마
20184482,국제수사,The Golden Holiday,20200929,코미디,한국,김봉한
20202143,여자친구의 맛 3,,20201116,멜로/로맨스,한국,최진철
20208961,마리 퀴리,RADIOACTIVE,20201118,드라마,프랑스,마르잔 사트라피
20192764,이별의 목적,The Art of Loving,20200910,멜로/로맨스,한국,이건우
20201990,하마사키마오의 은밀한 수영강습,,20201116,멜로/로맨스,일본,야만카 소쿠스
20201986,아주버님의 끝내주는 물건 무삭제판,,20201116,멜로/로맨스,일본,버드맨 텟페이
20201987,F컵 거유의 육덕녀 무삭제판,,20201116,멜로/로맨스,일본,버드맨 텟페이
20206588,극장판 미니특공대: 햄버거괴물의 습격,,20200930,애니메이션,한국,이영준
20201110,D컵여자친구,,20201113,멜로/로맨스,한국,이정석
20199815,밥정,The Wandering Chef,20201007,다큐멘터리,한국,박혜령
20200249,무협강호,Assassination the Queen,20201113,액션,중국,무명
20209133,용주골 2,,20201112,멜로/로맨스,한국,김종석
20206740,여대생의 은밀한 불륜,,20201112,성인물(에로),한국,윤경식
20208448,극장판 바다 탐험대 옥토넛 : 대산호초 보호작전,OCTONAUTS & the Great Barrier Reef,20201112,애니메이션,영국,무명
20208765,글로리아를 위하여,Gloria Mundi,20201029,드라마,프랑스,로베르 게디기앙
20200779,코마,Koma,20201112,SF,러시아,무명
20209022,메피스토,,20200910,드라마,한국,김동후
20208810,터키쉬 아이스크림,Turkish Ice-Cream,20201112,코미디,기타,칸 울카이
20208388,마치다군의 세계 ,Almost a Miracle,20201112,멜로/로맨스,일본,이시이 유야
20201229,부자의교환섹스 - 무삭제,,20201111,멜로/로맨스,한국,이정석
20205284,매지컬: 공주를 웃겨라,,20200917,애니메이션,한국,정윤철
20200205,더 인터프리터,The Interpreter,20201106,드라마,프랑스,마틴 술릭
20207255,학교는 끝났다,"School’s Out, L'heure de la sortie",20201104,미스터리,프랑스,무명
20209495,아트 오브 더 데드,Art of the Dead,20201104,드라마,미국,롤프 카네프스키
20209370,킹덤 오브 헤븐: 디렉터스 컷,Kingdom Of Heaven: Director’s Cut,20201111,액션,영국,리들리 스콧
20180743,스윈들러,SWINDLER,20201008,드라마,한국,이동환
20208508,미스터트롯: 더 무비,,20201022,공연,한국,전수경
20208393,극장판 요괴워치: 포에버 프렌즈,,20201015,애니메이션,일본,타카하시 시게하루
20209304,다만 악에서 구하소서 파이널컷,DELIVER US FROM EVIL FINALCUT,20201028,액션,한국,홍원찬
20190674,동아시아반일무장전선,East Asia Anti-Japan Armed Front,20200820,다큐멘터리,한국,김미례
20201288,친구 누나의 팬티,,20201107,멜로/로맨스,일본,타나카 스나오
20201246,젖어버린 오후:착한 제수씨,,20201107,멜로/로맨스,일본,나가에 타카미
20201289,섹스 카운셀러:성감 클리닉,,20201107,멜로/로맨스,일본,후나다 테루유키
20201266,밝히는 여상사:신입 교육,,20201107,멜로/로맨스,일본,타카기
20206536,피부좋은 육덕 새엄마,,20201106,성인물(에로),일본,코지마 유키오
20206597,첫사랑인 숙모에게 고백한 밤,,20201106,성인물(에로),일본,코지마 유키오
20206535,시아버지의 흑심에 불붙은 여름밤,,20201106,성인물(에로),일본,코지마 유키오
20207542,너무나 커버린 새아들이 좋아,,20201106,성인물(에로),일본,코지마 유키오
20207524,남편몰래 들이대는 새아들,,20201106,성인물(에로),일본,코지마 유키오
20207113,관전녀2,,20201106,멜로/로맨스,한국,김종석
20200603,가슴큰친구누나들,,20201106,멜로/로맨스,한국,이정석
20201191,핫섹스:위기의 유부녀들,,20201105,멜로/로맨스,일본,사노 B사쿠
20201192,이웃여자의 팬티,,20201105,멜로/로맨스,일본,진 류지
20201193,음란한 여사원들,,20201105,멜로/로맨스,일본,아마엔보 쇼군
20201172,발정난 새엄마:은밀한 유혹,,20201105,멜로/로맨스,일본,고키겐 요
20208524,레전더리 콘서트: 헤르베르트 폰 카라얀,Legendary Concert: Herbert von Karajan & Berlin Philharmonic,20201101,공연,독일,헤르베르트 폰 카라얀
20208476,예쁜엄마,,20201030,드라마,한국,최성은
20200777,여성친구 무삭제,,20201030,기타,한국,우기상
20200790,긴섹충 무삭제,,20201030,기타,한국,우기상
20209858,페이섹스,Pay for Sex,20201029,성인물(에로),한국,리차드 킴
20200062,채승하의 비밀의 숲,,20201029,멜로/로맨스,한국,최진철
20209883,탐스러운 장모님,,20201028,성인물(에로),한국,최찬호
20206767,딸의 친구 5 - 무삭제판,,20201028,멜로/로맨스,한국,계장혁
20208907,섹스 소녀 5,,20201027,멜로/로맨스,한국,최진철
20209956,왕가슴 그녀,,20201026,멜로/로맨스,한국,최진철
20209466,죽이는 여자,Gothic Harvest,20200823,공포(호러),미국,애슐리 해밀턴
20203049,무엇이든 도와드립니다,,20201023,성인물(에로),한국,정미나
20200144,기묘한 이야기: 리플레이,They Reach,20200823,어드벤처,미국,무명
20198013,형의 여자를 탐하다,,20201022,멜로/로맨스,한국,김환
20196607,친구의 새엄마,,20201022,멜로/로맨스,한국,김환
20202605,스와핑 : 부부모임 무삭제,,20201022,멜로/로맨스,한국,최민현
20193173,처제의 순결,,20201021,멜로/로맨스,한국,한대위
20203087,주부남편의 발기찬 바깥생활 무삭제,,20201021,성인물(에로),한국,정미나
20204545,정사 : 엄마친구 2,,20201021,멜로/로맨스,한국,김진우
20194445,우즈벡 사돈처녀,,20201021,멜로/로맨스,한국,김환
20201684,욕구불만 친구엄마 무삭제,,20201021,멜로/로맨스,한국,최민현
20206661,어린 그녀 - 무삭제판,,20201021,멜로/로맨스,한국,정태준
20195009,연애 : 아빠친구,,20201020,멜로/로맨스,한국,김부곤
20192367,엄마의 사랑,,20201020,멜로/로맨스,한국,한대위
20191470,섹스남녀 : 우린 속 궁합이 잘 맞아 ,,20201020,멜로/로맨스,한국,한대위
20207406,스와핑 : 내 아내의 친구,,20201020,멜로/로맨스,한국,김진우
20209263,새엄마는 열아홉,,20201019,기타,한국,최성은
20207166,대물 : 아내의 불륜,,20201019,멜로/로맨스,한국,최찬호
20203781,늑대소녀 야생소녀를 교육하다,,20201019,드라마,한국,에로핑
20206290,눈떠보니 제수씨,Yoru sari no Gifu no nikuyoku Matsushita saeko,20201019,드라마,일본,무명
20206763,나쁜 처제 2,,20201019,멜로/로맨스,한국,김진우
20191624,나쁜 섹스 : 그놈에게 당한 날,,20201019,멜로/로맨스,한국,무명
20205823,관계 : 특별한 형수 2,,20201019,멜로/로맨스,한국,김진우
20209957,흥건한 유부녀 삼류극장에서의 은밀한 취미,,20201017,드라마,일본,아카바네 류지
20209959,어린 와이프 무삭제,,20201017,성인물(에로),한국,최성은
20209964,쏠릴땐 옆집 벨을 누른다,,20201017,드라마,일본,아카바네 류지
20209632,섹스 소녀6,,20201017,멜로/로맨스,한국,최진철
20205971,비하인드 더 피스 ,Tinchlik ortida,20201016,전쟁,우즈베키스탄,무명
20208449,볼빨간 며느리,,20201016,드라마,한국,최성은
20208670,밀애- 섹스가 좋아,,20201016,멜로/로맨스,한국,이가온
20208928,밝히는 새엄마,,20201016,멜로/로맨스,한국,천성준
20207445,라스트 카우보이,Copper Bill,20201026,액션,미국,브렛 벤트먼
20200847,쌓여버린 여자들:잔뜩 해주세요,,20201030,멜로/로맨스,일본,야만카 소쿠스
20200606,헤픈여자:오늘은 누구와 할까,,20201029,멜로/로맨스,일본,코메이
20200607,새엄마:풍만한 가슴,,20201029,멜로/로맨스,일본,코메이
20200605,바람에 날라온 유부녀 팬티,,20201029,멜로/로맨스,일본,이와나가 스토루네
20200585,그녀의 복수:남자사냥,,20201029,멜로/로맨스,일본,진 류지
20209807,A급며느리,,20201019,성인물(에로),한국,양호열
20203722,한지붕 세가족,,20201015,드라마,한국,양호열
20207383,좀비랜드 파이널,American Zombieland,20201015,스릴러,헝가리,무명
20205285,위험한 삼촌들,,20201015,드라마,한국,양호열
20207386,위자 악마소환게임,Ouija Room,20201015,공포(호러),헝가리,헨리크 쿠토
20207385,목격자들 5번의 살인,No Witnesses,20201015,스릴러,헝가리,무명
20206828,내 여자의 변태욕정,,20201015,드라마,한국,한길수
20208922,남편상사들2,Anata.yurushite Onna to shite no yokubo,20201015,드라마,일본,나기라 겐조
20209494,스트레인지 네이처,Strange Nature,20201029,공포(호러),미국,무명
20208227,예쁜 여동생3,,20201013,멜로/로맨스,한국,최진철
20209183,그놈의 물건은 바이러스,,20201012,멜로/로맨스,한국,최진철
20202457,완벽한 스와핑2,,20201009,멜로/로맨스,한국,이가온
20205124,빚투: 부부교환,,20201009,성인물(에로),한국,정미나
20205163,마틴 에덴,Martin Eden,20201029,드라마,이탈리아,피에트로 마르첼로
20203936,마이 리틀 포니: 레인보우 로드 트립,My Little Pony: Rainbow Road trip,20201029,애니메이션,미국,무명
20205214,이비자,Ibiza,20201008,코미디,프랑스,무명
20196778,꿀벌과 천둥,Listen to the Universe,20201029,드라마,일본,이시카와 케이
20209938,숫처녀길들이기 - 무삭제,,20201028,멜로/로맨스,한국,원명준
20208046,섹스소녀4,,20201008,멜로/로맨스,한국,최진철
20208354,내누나는야설작가,,20201008,멜로/로맨스,한국,이정석
20207042,새아가 - 무삭제판,,20201007,멜로/로맨스,한국,계장혁
20208450,바람난 처제,,20201007,성인물(에로),한국,이대길
20207283,뮤지컬 버드나무에 부는 바람,The Wind in the Willows: The Musical,20201007,뮤지컬,영국,무명
20208475,거짓말 : 친구엄마,,20201007,성인물(에로),한국,이대길
20193149,포기와 베스,Porgy and Bess,20201006,공연,미국,무명
20205980,테슬라,Tesla,20201028,드라마,미국,마이클 알메레이다
20208487,셔터: 죽음의 숲,Rootwood,20201027,공포(호러),홍콩,무명
20208529,친척 여동생 - 무삭제,,20201005,기타,한국,최성은
20203584,섹스 소녀2,,20201005,멜로/로맨스,한국,최진철
20201700,완벽한 스와핑,,20201002,성인물(에로),한국,이가온
20207699,유쾌한 과부,The Merry Widow,20201002,공연,이탈리아,다미아노 미키엘레토
20208137,춘사월의 정사,,20201002,멜로/로맨스,한국,이동현
20208479,세 여자,Sangre,20201027,멜로/로맨스,독일,무명
20208890,바흐: 숨겨진 작곡가,Written by Mrs.Bach: Broken Silence,20201027,다큐멘터리,영국,무명
20198863,구르는 수레바퀴,SAMSARA,20200923,가족,한국,문정윤
20208224,옆집 자매,,20201002,드라마,한국,박은석
20205291,매일 밤 엿보기: 대놓고 보여주는 불륜 유부녀,,20201002,성인물(에로),일본,무명
20209145,지옥의 오르페,Orphee aux enfers,20201025,공연,독일,베리 코스키
20209592,장모의마사지,,20201023,멜로/로맨스,한국,이정석
20209808,애인이 생기면 하고 싶은 일,,20201019,성인물(에로),한국,양호열
20207114,어린 엄마4,,20201023,멜로/로맨스,한국,김종석
20207116,애완남,,20201023,멜로/로맨스,한국,김종석
20209365,아이돌 승하의 화려한 테크닉,,20201023,멜로/로맨스,한국,윤준세
20203146,늙은 부부이야기: 스테이지 무비,The Story of an Old Couple : STAGE MOVIE,20200819,공연,한국,신태연
20206822,프록시마 프로젝트,Proxima,20201015,드라마,프랑스,앨리스 위노코
20206680,예티: 신비한 동물 탐험대,Mission Kathmandu,20201008,애니메이션,캐나다,피에르 그레코
20204202,마르지엘라,Martin Margiela: In His Own Words,20200930,다큐멘터리,기타,라이너 홀제메르
20209776,아들의 끼부리는 여자,,20201022,멜로/로맨스,일본,사이유키
20209789,남편보다 뜨거운 그것,,20201022,멜로/로맨스,일본,사노 B사쿠
20200491,빅샤크3: 젤리몬스터 대소동,Happy Little Submarine: Space Pals,20200729,애니메이션,중국,신우
20188362,더 프린세스 : 도둑맞은 공주,The Stolen Princess,20200812,애니메이션,우크라이나,올레말라므
20206679,공포체험라디오 4DX,,20200916,공포(호러),한국,서정희
20206684,에브리타임 아이 다이,Every Time I Die,20201021,미스터리,미국,로비 마이클
20191121,7월7일,On July 7,20200902,드라마,한국,손승현
20209131,팔로우 미,Follow Me,20201022,스릴러,미국,무명
20192271,부니베어: 원시시대 대모험,Boonie Bears : Blast Into The Past,20201022,애니메이션,중국,정량
20208370,베이비티스,Babyteeth,20201022,코미디,호주,무명
20202889,내 사랑 찾기,April Flowers,20201022,멜로/로맨스,미국,무명
20209775,콩가루 가족,,20201021,멜로/로맨스,일본,진 류지
20208850,엄마의 직업 2,,20201021,성인물(에로),한국,노현진
20209788,아내의 봉사,,20201021,멜로/로맨스,일본,토미죠 타로
20209773,신혼 여선배:시간아 멈춰라,,20201021,멜로/로맨스,일본,와카마츠 쇼군
20209774,스릴만점 불륜 섹스,,20201021,멜로/로맨스,일본,진 류지
20206362,"어디갔어, 버나뎃","Where’d You Go, Bernadette",20201008,코미디,미국,리차드 링클레이터
20183583,폰조,Fonzo,20201014,범죄,미국,조쉬 트랭크
20199883,오케이 마담,OK! MADAM,20200812,코미디,한국,이철하
20209445,음탕한 누나의 성욕 무삭제판,,20201017,멜로/로맨스,일본,쿠로아카 긴조
20209444,옆집여자의 술버릇 무삭제판,,20201017,멜로/로맨스,일본,버드맨 텟페이
20209443,돈이 없으면 몸으로,,20201017,멜로/로맨스,일본,쿠로아카 긴조
20209442,농익은 친구엄마:시간아 멈춰라,,20201017,멜로/로맨스,일본,와카마츠 쇼군
20208525,언니의 남자들,,20201016,멜로/로맨스,한국,윤준세
20209364,씨 받는 며느리,,20201016,멜로/로맨스,일본,사노 B사쿠
20208488,싱글의 세계,,20201015,성인물(에로),한국,맹진사
20209346,리얼돌:최고의 명기,,20201016,멜로/로맨스,일본,코이케.Jp
20209347,깨끗이 닦아주는 아줌마,,20201016,멜로/로맨스,일본,히이라기 엔부
20189973,카일라스 가는 길,Journey to Kailash,20200903,다큐멘터리,한국,정형민
20202684,언힌지드,Unhinged,20201007,스릴러,미국,데릭 보트
20206241,남과 여: 여전히 찬란한,The Best Years of a Life,20201015,드라마,프랑스,끌로드 를르슈
20207124,그리드,GREED,20201015,코미디,영국,마이클 윈터바텀
20208929,가슴큰자매들 - 무삭제,,20201014,멜로/로맨스,한국,이정석
20207983,안녕까지 30분,Our 30-minute Sessions,20201014,판타지,일본,무명
20208853,야한 첫경험,Encounter at the inn,20201013,성인물(에로),일본,히로아키
20208854,시아버지의 여자 2,Hell of beginning,20201013,성인물(에로),일본,잠파
20202902,말할 수 없는 비밀:이모와의 관계 무삭제판,,20201013,멜로/로맨스,한국,윤준세
20196782,초미의 관심사,Jazzy Misfits,20200527,드라마,한국,남연우
20204008,그린랜드,Greenland,20200929,액션,미국,릭 로먼 워
20191408,21 브릿지: 테러 셧다운 ,21 Bridges,20200101,스릴러,미국,브라이언 커크
20202901,완벽한 여자,,20201009,멜로/로맨스,한국,윤준세
20206085,형수 길들이기,,20201007,멜로/로맨스,한국,정태준
20207373,뉴클리어: 원전 2020,Nuclear,20201009,드라마,영국,무명
20204047,마샤와 곰: 최고 중에 최고,Masha and the Bear,20201008,애니메이션,러시아,무명
20208455,가슴큰며느리-무삭제,,20201007,멜로/로맨스,한국,이정석
20205762,트롤 킹,Troll: The Tale of a Tail,20201007,애니메이션,기타,케빈 먼로
20208452,낯선 남자와 청순 글래머,Narigoma,20201006,성인물(에로),일본,히로아키
20208453,아버지의 여자,Father woman,20201006,성인물(에로),일본,키무라 히로유키
20204725,해수의 아이,Children of the Sea,20200930,애니메이션,일본,와타나베 아유무
20205148,침대에서 만난 가정부,,20201005,성인물(에로),일본,스즈키 켄이치로
20205147,소금맛이 나는 여자,,20201005,성인물(에로),일본,야마우치 다이스케
20205165,사촌누나의 성상담,,20201005,성인물(에로),일본,스즈키 켄이치로
20205164,불륜축제-깊숙한 그곳에,,20201005,성인물(에로),일본,사사키 히로히사
20205166,가정부가 야동처럼 보일때,,20201005,성인물(에로),일본,스즈키 켄이치로
20201721,비밀친구,,20200929,멜로/로맨스,한국,노현진
20209169,화끈한 미용실,,20200909,멜로/로맨스,한국,김춘수
20202662,동생 남친 돌려쓰기 무삭제판,,20200901,멜로/로맨스,한국,윤준세
20206178,극장판 엉덩이 탐정: 텐텐마을의 수수께끼,,20200924,애니메이션,일본,시바타 히로키
20208045,강철비2 : 정상회담 확장판,Steel Rain2: Summit (Director's Cut),20200930,드라마,한국,양우석
20206826,"그대, 고맙소 : 김호중 생애 첫 팬미팅 무비",,20200929,공연,한국,무명
20204684,브레이크 더 사일런스: 더 무비,Break the Silence: The Movie,20200924,다큐멘터리,한국,박준수
20208848,참을 수 없는 아주버님의 맛,,20201004,멜로/로맨스,일본,토미죠 타로
20208847,엄마가 바람났어요,,20201004,멜로/로맨스,일본,토미죠 타로
20208870,야한 짓:오늘은 무슨 자세?,,20201004,멜로/로맨스,일본,토미죠 타로
20208849,결혼 전:조금은 특별한 마사지,,20201004,멜로/로맨스,일본,코고로 킨다이치
20208845,친구엄마:아들 친구의 맛,,20201003,멜로/로맨스,일본,빈센트 갸루
20208840,의붓오빠의 맛,,20201003,멜로/로맨스,일본,이와나가 스토루네
20208869,욕구해결:풀어주는 여자들,,20201003,멜로/로맨스,일본,이즈미 류지
20208846,과부장모:속궁합이 궁금해,,20201003,멜로/로맨스,일본,버드맨 텟페이
20201870,여배우들: 섹스 오디션 무삭제,,20200930,성인물(에로),한국,정미나
20201869,아이돌 섹스: LA 교포녀 무삭제,,20200930,성인물(에로),한국,정미나
20203601,18 하라의 맛있는 수업,,20200929,멜로/로맨스,한국,최진철
20207187,여자친구의 맛,,20200929,멜로/로맨스,한국,최진철
20207371,에이전트 제이드 블랙,Agent Jade Black,20200929,액션,미국,무명
20207009,구멍동서2,,20200928,기타,한국,이상수
20208551,G컵 베이글의 능숙한 몸놀림,,20200925,성인물(에로),일본,아라시야마 미치루
20208552,항상 열려있는 육체,,20200925,성인물(에로),일본,아라시야마 미치루
20208549,적극적인 G컵 접대녀,,20200925,성인물(에로),일본,헤이키 치로
20205309,섹스 온천: 전설의 여관 여주인,,20200925,성인물(에로),일본,히무 롯쿠
20208550,몸으로 빼앗은 여동생의 남자친구,,20200925,성인물(에로),일본,핫시이
20208036,18 모델 리카의 화려한 외출,,20200924,멜로/로맨스,한국,최진철
20207831,연애 완전 정복 - 무삭제판,,20200924,기타,한국,김재현
20202170,착한 아내 : 남편의 대리만족,,20200923,멜로/로맨스,한국,최찬호
20201604,여대생 누드모델,,20200923,성인물(에로),한국,이가온
20200222,맛있는 너가 합격,,20200922,성인물(에로),한국,정미나
20202643,너무 잘하는 형수,,20200922,멜로/로맨스,한국,최찬호
20202456,언니는 섹스티쳐,,20200918,멜로/로맨스,한국,신효성
20201603,섹스가 좋은 그 여자,,20200918,성인물(에로),한국,이세일
20205310,불량 주부: 부하직원과 바람난 내 아내,,20200918,성인물(에로),일본,마메자와 마메타로
20181544,부다페스트 느와르,Budapest Noir,20200918,미스터리,헝가리,에바 가르도스
20207202,가슴 큰 초희 - 무삭제판,,20200918,멜로/로맨스,한국,이동준
20207186,18 걸그룹 승하의 눈치게임,,20200917,멜로/로맨스,한국,최진철
20204111,스파이 전쟁,The Kaiser's Last Kiss,20200917,드라마,영국,무명
20205683,뮤지컬 남극 탐험가는 나를 좋아해,Ernest Shackleton Loves Me,20200916,뮤지컬,미국,데이빗 혼
20206945,가슴큰새엄마-무삭제,,20200916,멜로/로맨스,한국,이정석
20206193,섹스 소녀 3,,20200915,멜로/로맨스,한국,최진철
20207110,친척동생2,,20200914,기타,한국,최성은
20202617,먹어주는 유부녀,,20200914,멜로/로맨스,한국,윤준세
20206527,해풍 : 바람난 여자,,20200911,성인물(에로),한국,리차드 킴
20206568,위험한 과외,,20200911,성인물(에로),한국,리차드 킴
20206528,쌍둥이 여친 과외하기 무삭제판,,20200910,드라마,한국,최정자
20206569,손빨래하는 여자 무삭제판,,20200910,드라마,한국,최정자
20206409,가슴큰엄마친구-무삭제,,20200909,멜로/로맨스,한국,이정석
20203046,섹스인듯 촬영인듯 섹스하는 너,,20200908,성인물(에로),한국,정미나
20206786,못말리는 며느리,,20200908,기타,한국,최성은
20202455,완벽한 연애,,20200908,멜로/로맨스,한국,송정규
20204207,섹시한 이웃 자매,,20200908,멜로/로맨스,한국,이동준
20201944,리얼섹스돌 : 사용설명서 무삭제,,20200908,성인물(에로),한국,정미나
20203602,올드 가드 인 런던,Safeguard,20200907,액션,영국,무명
20205405,착한 숙모 : 삼촌이 출장 간 날,,20200906,성인물(에로),한국,이대길
20206260,예쁜 여동생 2,,20200906,멜로/로맨스,한국,최진철
20205383,스와핑 : 자매의 남자들,,20200906,성인물(에로),한국,이대길
20206309,흔들린 담배: 이웃의 정부가 된 아내,,20200904,드라마,일본,무명
20205289,니가 사는 그 집: 불륜 전세 계약서,,20200904,성인물(에로),일본,모리카와 케이
20206098,자매의교환섹스2,,20200904,멜로/로맨스,한국,천성준
20202904,마지막 사랑,,20200904,멜로/로맨스,한국,윤준세
20206349,최면 무도 클럽,,20200903,성인물(에로),한국,한동호
20206623,친척동생 무삭제,,20200902,기타,한국,최성은
20206537,여동생 무삭제,,20200902,기타,한국,최성은
20206289,싸버린 택배기사,Sugaonomamade Yamagishi Kotone,20200902,드라마,일본,니쿠 미코토
20205904,가슴큰자매들,,20200902,멜로/로맨스,한국,이정석
20204867,이 마스나디에리,I Masnadieri,20200901,공연,이탈리아,데이비드 맥비커
20201871,오빠는 음식은 가려도 여자는 안가려 무삭제,,20200901,성인물(에로),한국,정미나
20208486,동생의 어린 아내-무삭제판,Forbidden relationship,20200929,성인물(에로),일본,오자키 히로코우지
20202725,우리가 이별 뒤에 알게 되는 것들,The Rest of Us,20200930,드라마,캐나다,아이스링 친-이
20206062,극장판 포켓몬스터 뮤츠의 역습 EVOLUTION,Pokémon: Mewtwo Strikes Back - Evolution,20200930,애니메이션,일본,유야마 쿠니히코
20204990,교실 안의 야크,Lunana : A Yak in the Classroom,20200930,드라마,기타,무명
20205984,로스트 바이킹: 전쟁의 신의 아들,Lost Viking,20200924,액션,영국,무명
20207029,플레인 하이스트,Money Plane,20200929,액션,미국,앤드류 로렌스
20206243,외출 3,,20200928,멜로/로맨스,한국,구재은
20207103,블러드 킬,Beyond the Law,20200928,범죄,미국,제임스 쿨렌 브레삭
20202341,아웃포스트,The Outpost,20200923,전쟁,미국,로드 루리
20208035,임파서블 미션,The Vibe,20200923,액션,스페인,무명
20207102,좀비캠프,The Clearing,20200925,스릴러,미국,데이빗 마탈론
20090721,터칭 더 보이드,Touching The Void,20200924,다큐멘터리,영국,케빈 맥도널드
20196710,보테로,Botero,20200924,다큐멘터리,캐나다,돈 밀러
20207820,이웃집 명기녀,,20200923,멜로/로맨스,일본,와카마츠 쇼군
20207834,와이프 렌탈 서비스,,20200923,멜로/로맨스,일본,사이유키
20207856,남편 동료의 농밀한 섹스테크닉,,20200923,멜로/로맨스,일본,이즈미 류지
20201785,태백권,The Therapist : Fist of Tae-baek,20200820,코미디,한국,최상훈
20207819,숙모의 망사팬티,,20200922,멜로/로맨스,일본,와카마츠 쇼군
20207818,발정기:이복누나,,20200922,멜로/로맨스,일본,아카바네 류지
20207832,마사지에 빠진 스튜어디스들,,20200922,멜로/로맨스,일본,텐사이 후지타
20207833,끼부리는 새엄마,,20200922,멜로/로맨스,일본,이즈미 류지
20202204,더 렌탈 : 소리없는 감시자,The Rental,20200916,공포(호러),미국,데이브 프랑코
20207094,파이널 킬,Final Kill,20200921,액션,미국,저스틴 리
20206323,살로메 ,Salome,20200920,공연,독일,로메오 카스텔루치
20207017,부자의교환섹스,,20200918,멜로/로맨스,한국,이정석
20202201,아디오스,Adios,20200722,액션,스페인,파코 카베자스
20206060,어트랙션,Swoon,20200917,드라마,독일,만스 말린드
20207105,사스콰치: 거인 괴물,Between the Trees,20200916,공포(호러),미국,브래드 더글라스
20206259,위 섬온 더 다크니스,We Summon The Darkness,20200917,공포(호러),미국,무명
20204255,섹스의 세계,,20200917,멜로/로맨스,한국,김종석
20202103,비독: 파리의 황제,The Emperor of Paris,20200917,액션,프랑스,장-프랑소와 리셰
20193822,뮬란,Mulan,20200917,어드벤처,미국,니키 카로
20080850,공포분자,The Terrorizers,20200917,드라마,기타,에드워드 양
20209482,가자 장미여관으로 4 - 무삭제판,,20200910,멜로/로맨스,한국,최우성
20206093,자세가 좋은 제수씨,Husband's brother,20200915,성인물(에로),일본,고혼마츠 사에
20206094,내 여자가 된 선생님 2,Losing tutor,20200915,성인물(에로),일본,아이바 켄타
20206092,음란 택배기사와 거유 사모님,Wife in love,20200915,성인물(에로),일본,아카츠키 신타로
20203303,지니어스 독,Think Like a Dog,20200916,코미디,미국,길 정거
20206066,루브르박물관 기획특별전,A NIGHT AT THE LOUVRE : LEONARDO DA VINCI,20200916,다큐멘터리,프랑스,무명
20201968,반교: 디텐션,Detention,20200813,공포(호러),기타,존 쉬
20191110,큐리오사,Curiosa,20200806,드라마,프랑스,루 주네
20203461,시크릿 가든,The Secret Garden,20200819,드라마,영국,마크 먼든
20201287,애니멀 크래커,Animal Crackers,20200805,애니메이션,미국,토니 밴크로프트
20202381,주식회사 스페셜액터스,Special Actors,20200806,코미디,일본,우에다 신이치로
20199302,테스와 보낸 여름,My Extraordinary Summer with Tess,20200910,드라마,네덜란드,스티븐 바우터루드
20175405,뉴 뮤턴트,The New Mutants,20200910,액션,미국,조쉬 분
20202961,고스트 오브 워,Ghosts of War,20200902,미스터리,영국,에릭 브레스
20203237,아무도 없다,ALONE,20200909,스릴러,미국,존 하이암스
20209961,지저귀는 새는 날지 않는다,The Clouds gather,20200716,애니메이션,일본,마키타 카오리
20207483,젊은 모녀,,20200910,멜로/로맨스,한국,왕지방
20202203,에이바,Ava,20200909,액션,미국,테이트 테일러
20206989,한번 맛보면 참을 수 없는 육덕 유부녀 무삭제판,The abstinence,20200910,성인물(에로),일본,잠파
20204690,기색충,,20200910,멜로/로맨스,한국,김종석
20206988,사장에게 실제 흥분하는 육덕미인 무삭제판,To the ends of desire,20200910,성인물(에로),일본,무명
20202485,소셜노마드,Social Nomad,20200801,다큐멘터리,한국,마영민
20205511,쥬라기 썬더,Jurassic Thunder,20200910,액션,미국,무명
20201026,치어리딩 클럽,Poms,20200910,코미디,캐나다,자라 헤이즈
20206258,송 오브 러브,Daffodils,20200910,드라마,기타,무명
20204546,엠마,EMMA,20200227,코미디,영국,어텀 드 와일드
20206326,후배아내:남편보다 우람해 무삭제판,,20200908,멜로/로맨스,일본,사노 B사쿠
20206325,"유부녀, 배달원에게",,20200908,멜로/로맨스,일본,시미즈 하지메
20207431,외도의 이유 무삭제판,,20200908,멜로/로맨스,일본,윤준세
20206348,야한 첫경험:남편 앞에서 간통 무삭제판,,20200908,멜로/로맨스,일본,하라다 칸토나
20206347,발정난 가족,,20200908,멜로/로맨스,일본,이즈미 류지
20206345,은밀하고 음란한 아내의 헌신,,20200905,멜로/로맨스,일본,나가에 타카미
20206346,"유부녀, 이웃남자에게",,20200905,멜로/로맨스,일본,와카마츠 쇼군
20206344,색기 꽉 찬 불륜녀들,,20200905,멜로/로맨스,일본,이즈미 류지
20206324,너무 급한 새엄마,,20200905,멜로/로맨스,일본,키무라 히로유키
20203203,친구엄마의 승부속옷,,20200904,성인물(에로),일본,고바야시 이치로
20203206,의동생의 팬티를 벗길 때,,20200904,성인물(에로),일본,무명
20203222,유카타를 벗고 홀딱 마사지,,20200904,성인물(에로),일본,무명
20203223,아들 여친이 샤워를 하고 있다,,20200904,성인물(에로),일본,무명
20203205,새엄마는 오늘도 오르가즘,,20200904,성인물(에로),일본,무명
20196271,강철비2: 정상회담,Steel Rain2: Summit,20200729,드라마,한국,양우석
20206549,음란문학선생,,20200903,성인물(에로),일본,무명
20206548,여중개인과 폭풍우 치는 밤,,20200903,성인물(에로),일본,마메자와 마메타로
20204691,김비서는 정말 왜 그럴까?,,20200903,멜로/로맨스,한국,김종석
20205189,이십일세기 소녀,21st Century Girl,20200903,드라마,일본,야마토 유키
20205765,침묵의 이방인,Strangers of Patience,20200903,스릴러,러시아,무명
20205146,아메리칸 잡,Finding Steve McQueen,20200903,범죄,미국,마크 스티븐 존슨
20206133,핫바디-무삭제판,The Neighbor's trap,20200902,성인물(에로),일본,잠파
20206256,욕정의 며느리2,Name okashi gifu no yokubo kizakijeshika,20200902,드라마,일본,무명
20201051,작은 소망,The Last Wish,20200813,코미디,대만,전우성
20204760,아내의 남자친구-무삭제판,Ex-boyfriend,20200901,성인물(에로),일본,오자키 히로코우지
20206096,위에서 완벽한 나의 스페인 여자친구,,20200831,성인물(에로),일본,히무 롯쿠
20206150,순종적인 음란한 여자,,20200831,성인물(에로),일본,아라시야마 미치루
20206174,농밀한 그녀의 서비스,,20200831,성인물(에로),일본,히무 롯쿠
20206095,가정교사의 참교육,,20200831,성인물(에로),일본,헤이키 치로
20203239,홈헬퍼 두 얼굴: 저항 못하고 빨린 양기,,20200828,드라마,일본,비바 곤조
20206207,18 주아의 뜨거운 하루,,20200827,멜로/로맨스,한국,최진철
20202313,구멍 교환,,20200827,멜로/로맨스,한국,김종석
20201081,왕좌의 전쟁: 드래곤 레전드,Dragons Of Camelot,20200826,판타지,미국,마크 레스터
20203083,그녀의 모유는 백신,,20200821,성인물(에로),한국,정미나
20205283,어린 처제 4 - 무삭제판,,20200820,멜로/로맨스,한국,계장혁
20203583,섹스 소녀,,20200820,멜로/로맨스,한국,최진철
20205382,가슴 큰 가인 - 무삭제판,,20200819,멜로/로맨스,한국,이동준
20203905,친구엄마의 욕구불만,,20200818,성인물(에로),한국,이대길
20203904,욕구불만 자매들 : 형부가 출장 간 날,,20200818,성인물(에로),한국,이대길
20193148,보체크,Wozzeck,20200818,공연,미국,윌리엄 켄트리지
20208243,이웃집 여자 스토킹,,20200814,드라마,한국,박은석
20203466,미망인: 남편 앞 쾌감 절정,,20200814,드라마,일본,무명
20203782,옆집소녀4-무삭제,,20200813,멜로/로맨스,한국,원명준
20204251,엣지 오브 더 월드,Until the edge of the world,20200901,드라마,독일,무명
20201690,블러드 헌터스: 라이즈 오브 하이브리드,Blood Hunters: Rise of the Hybrids,20200813,액션,필리핀,빈센트 소베라노
20203841,예쁜 여동생,,20200811,멜로/로맨스,한국,최진철
20201743,헤리티지,Heritage,20200810,드라마,미국,무명
20201742,애비게일의 저주,Abigail Haunting,20200810,드라마,미국,무명
20203821,18 승하의 누워서 떡 먹기,,20200807,멜로/로맨스,한국,최진철
20203902,착한 처형 : 마지막 여행,,20200807,성인물(에로),한국,이대길
20203883,스와핑 : 두 부부의 이혼여행,,20200807,성인물(에로),한국,이대길
20203661,뱀파이어 헌터스 D,Blood Type,20200807,액션,미국,무명
20205145,막내 처제 2 - 무삭제판,,20200807,멜로/로맨스,한국,정진호
20200241,19금 어린아내,,20200805,성인물(에로),한국,리차드 킴
20201942,자매의 은밀한 동거 감독판,,20200805,성인물(에로),한국,리차드 킴
20201943,예쁜식모 감독판,,20200805,성인물(에로),한국,리차드 킴
20203284,예비며느리,,20200805,성인물(에로),한국,리차드 킴
20202214,AV배우의 은밀한 사생활,,20200804,성인물(에로),일본,무명
20202213,음탕함에 길들여진 유부녀,,20200804,성인물(에로),일본,아카바네 키쿠지로
20202215,음란 유부녀의 비밀 SNS,,20200804,성인물(에로),일본,아사기리 조
20200196,아내의알바 무삭제판,,20200804,드라마,한국,최정자
20202285,신입 여사원 길들이기,,20200804,성인물(에로),일본,아사기리 조
20201165,하바나 다크니스,Havana Darkness,20200803,공포(호러),미국,기예르모 이반
20209261,술 취해 잠든 귀여운 여친 무삭제판,,20200803,성인물(에로),일본,오자키 히로코우지
20202581,마농 레스코,Manon Lescaut,20200803,공연,이탈리아,무명
20202085,굿와이프:아내체험현장 무삭제판,,20200803,드라마,한국,한동호
20203542,햄릿: 죽느냐 사느냐,Hamlet & Hutch,20200817,가족,미국,무명
20202583,연애의 참견: 사랑 공포증,Philophobia: or the Fear of Falling in Love,20200826,멜로/로맨스,미국,무명
20201386,로그 워페어 3 데스 오브 네이션,Rogue Warfare 3: Death of a Nation,20200826,전쟁,미국,마이크 건서
20202162,그곳,Siccin 4,20200826,공포(호러),터키,무명
20202468,승진의 기술,,20200828,멜로/로맨스,한국,송정규
20209361,캐리비안 해적과 마법 다이아몬드,Captain Sabertooth and the Magic Diamond,20200826,애니메이션,노르웨이,라스무스 A. 실버르센
20204097,주부딜러 ,,20200827,성인물(에로),한국,한동호
20204234,이블데드 2020,Curse of the Blind Dead,20200827,공포(호러),이탈리아,무명
20190505,리메인,Remain,20200827,드라마,한국,김민경
20205865,형수:속궁합이 궁금해,,20200826,멜로/로맨스,일본,하라다 칸토나
20205847,유부녀들:대물사냥,,20200826,멜로/로맨스,일본,코고로 킨다이치
20205845,여자의 성욕,,20200826,멜로/로맨스,일본,이즈미 류지
20205848,새엄마의 욕정,,20200826,멜로/로맨스,일본,이즈미 류지
20203701,사랑이 눈뜰 때,Blind,20200826,드라마,미국,마이클 메일러
20207732,주인집 딸 - 무삭제판,,20200813,멜로/로맨스,한국,계장혁
20204385,정사 거부할 수 없는 유혹,,20200814,멜로/로맨스,한국,무명
20204456,인터뷰 그녀의 속사정,,20200815,멜로/로맨스,한국,데니 장
20196245,신 복수무정,Vengeance,20200812,액션,영국,로스 보야스크
20204671,데드 앤트 - 거대개미의 습격,Dead Ant,20200813,액션,미국,론 칼슨
20205846,쿨한 새엄마:하고 또 하고,,20200825,멜로/로맨스,일본,진 류지
20204404,자세가 좋았던 전 여친,Pure love,20200825,성인물(에로),일본,오자키 히로코우지
20205864,음란가족:남자 맛보기,,20200825,멜로/로맨스,일본,이즈미 류지
20204386,욕구불만 사모님,Frustrated wife,20200825,성인물(에로),일본,오자키 히로코우지
20205862,만족시켜주는 남자들:많이 쌓였어요,,20200825,멜로/로맨스,일본,토미죠 타로
20201122,테넷,Tenet,20200826,액션,미국,크리스토퍼 놀란
20205863,나쁜섹스:쌓여버린 여자들,,20200825,멜로/로맨스,일본,이즈미 류지
20204483,어린과부,,20200811,멜로/로맨스,한국,한동호
20203631,숫처녀길들이기,,20200814,멜로/로맨스,한국,원명준
20191107,팡파레,Fanfare,20200709,드라마,한국,이돈구
20203861,레브,REV,20200820,액션,캐나다,무명
20203348,덩케르크 이스케이프,Behind the Line: Escape to Dunkirk,20200820,전쟁,영국,무명
20202281,극장판 짱구는 못말려: 신혼여행 허리케인~ 사라진 아빠!,Crayon Shin-chan: Honeymoon Hurricane ~The Lost Hiroshi~,20200820,애니메이션,일본,하시모토 마사카즈
20202442,극장판 시로바코,SHIROBAKO The Movie,20200820,애니메이션,일본,미즈시마 츠토무
20204236,제수씨 달래주기,,20200818,멜로/로맨스,일본,사노 B사쿠
20204237,젖은아내:남편상사와의 속궁합,,20200818,멜로/로맨스,일본,하라다 칸토나
20204238,유부녀 렌탈:아내를 드려요,,20200818,멜로/로맨스,일본,하라다 칸토나
20204254,능숙한 새엄마가 좋아,,20200818,멜로/로맨스,일본,키무라 히로유키
20202616,내 친구 아내,,20200817,멜로/로맨스,한국,윤준세
20204686,상사의 아내2,Anata ni uragira rete watashi Akogareno moto joshi ni daka rete,20200814,드라마,일본,료타
20204806,발정난 새엄마와 아들,ABUNAI KANNKEI-11,20200814,멜로/로맨스,일본,키무라 히로유키
20204798,내 아내의 섹파,YOMENO KISEI,20200814,멜로/로맨스,일본,토미죠 타로
20203043,바다 몬스터2,Sea Monsters2,20200812,애니메이션,미국,에반 트라멜
20191382,부다페스트 스토리,Tall Tales,20200813,스릴러,헝가리,아틸라 사스
20205970,워터 릴리스,Water Lilies,20200813,드라마,프랑스,셀린 시아마
20204823,이웃집남자와 불륜유부녀,,20200814,멜로/로맨스,일본,하라다 칸토나
20204799,섹스에 환장한 아줌마들,,20200814,멜로/로맨스,일본,이즈미 류지
20202311,어린 구멍,,20200813,멜로/로맨스,한국,김종석
20201043,셰이프 오브 뮤직: 알렉상드르 데스플라,IN THE TRACKS OF ALEXANDRE DESPLAT,20200813,다큐멘터리,프랑스,파스칼 쾨노
20203604,마누라 공유하기,,20200813,멜로/로맨스,한국,계장혁
20205663,엘라 벨라 빙고: 친구 찾기 대작전,Ella Bella Bingo,20200812,애니메이션,노르웨이,아틀 솔버그 블락세트
20204235,화끈한 가정부:질펀한 오후,KAJIDAIKOUSA-BISU,20200810,멜로/로맨스,일본,아마엔보 쇼군
20204253,홀딱 벗고 사는 아내 무삭제판,MUTIMUTITUMA,20200810,멜로/로맨스,일본,버드맨 텟페이
20204526,육덕진 외숙모 달래주기,DOTEIOTAKU,20200810,멜로/로맨스,일본,시미즈 하지메
20200837,유혹 : 친구엄마,,20200810,멜로/로맨스,한국,최찬호
20204252,언니 남친 빼앗기 무삭제판,BOKUWO YUWAKUSURU KANOJYONO IMOOTO,20200810,멜로/로맨스,일본,히이라기 엔부
20192369,착한 형부,,20200807,멜로/로맨스,한국,한대위
20204010,빼앗긴 아내:후배와 즐기다,ZK WAKON-02,20200807,멜로/로맨스,일본,하라다 칸토나
20202802,싸움의 법칙,The Fight Rules,20200813,액션,우크라이나,알렉세이 샤파레프
20192522,슈퍼 레이스,RACETIME,20200723,애니메이션,캐나다,무명
20188364,맛있는 녀석들,Kung Food,20200716,애니메이션,중국,순 하이펑
20209741,모든 것을 벗어던진 특별한 여행,The naked wanderer,20200729,코미디,호주,무명
20193263,너와 파도를 탈 수 있다면,Ride Your Wave,20200708,애니메이션,일본,유아사 마사아키
20200845,비바리움,Vivarium,20200716,미스터리,미국,무명
20201181,피그테일:피그테일과 거미소녀 그리고 레슬링,"Pigtails, Li'l Spider Girl, Kick-Heart",20200709,애니메이션,일본,카이야 토시히사
20209685,딥워터,Breaking Surface,20200709,액션,기타,요아힘 헤덴
20203227,킬러맨,Killerman,20200813,액션,미국,말릭 베이더
20194710,머피와 샐리의 법칙,,20200520,코미디,한국,김문옥
20206882,형수 : 불륜관계  무삭제,,20200811,멜로/로맨스,한국,최찬호
20205822,가슴 큰 여자선배 무삭제,,20200811,멜로/로맨스,한국,김진우
20200774,블랙아웃 : 인베이젼 어스,The Blackout,20200805,SF,러시아,예고르 바라노프
20204034,거유 며느리의 친정나들이,,20200806,멜로/로맨스,일본,아카바네 류지
20204009,뜨거운 유부녀들:남자 맛보기,,20200806,멜로/로맨스,일본,쿠로아카 긴조
20204035,발정난 유부녀:영계가 좋아,,20200806,멜로/로맨스,일본,토미죠 타로
20202721,딴놈의 아내,,20200803,성인물(에로),한국,최정자
20203561,O.J. 심슨 사건 파일,The Murder of Nicole Brown Simpson,20200805,스릴러,미국,다니엘 패런즈
20209501,맛있는 동거 2,,20200804,멜로/로맨스,한국,김진우
20207165,남녀의 궁합 2,,20200804,멜로/로맨스,한국,김진우
20201823,참지못해 터진 유부녀,,20200803,성인물(에로),일본,고바야시 이치로
20201825,정말 있었던 보험계약,,20200803,성인물(에로),일본,고바야시 이치로
20207410,유부녀 팬클럽,,20200803,멜로/로맨스,한국,윤준세
20201808,봐주길 원한 친구엄마,,20200803,성인물(에로),일본,고바야시 이치로
20201807,리얼 남편상사의 요구,,20200803,성인물(에로),일본,고바야시 이치로
20201824,결혼직전 여친엄마와,,20200803,성인물(에로),일본,고바야시 이치로
20201818,회사 후배와 몰래하는 육덕미인,The weakness of the female boss,20200702,성인물(에로),일본,몬티 란쿄쿠
20203024,형수의 속살,,20200724,멜로/로맨스,일본,버드맨 텟페이
20203025,정성껏 해주는 옆집여자,,20200724,멜로/로맨스,일본,버드맨 텟페이
20200004,이 여자는 나의 노예,,20200703,성인물(에로),일본,가토 마사키
20200005,연하남과 첫불륜-인생절정,,20200703,성인물(에로),일본,코지마 유키오
20203041,여관의 뜨거운 밤,,20200722,멜로/로맨스,일본,이즈미 류지
20203026,아주버님의 끝내주는 물건,,20200724,멜로/로맨스,일본,버드맨 텟페이
20200006,아이미의 핫한 새엄마,,20200703,성인물(에로),일본,다나카 켄타로
20209985,아내가 늦은 날 - 장모님,,20200703,성인물(에로),일본,다나카 켄타로
20201817,실제로 흐느끼는 육덕 왕가슴 아내,Housing complex wife is frustrated,20200702,성인물(에로),일본,사키타마 조지
20202663,새엄마와의 음탕한 온천여행,,20200720,멜로/로맨스,일본,키무라 히로유키
20203607,새엄마:뜨거운 첫경험,,20200731,멜로/로맨스,일본,키무라 히로유키
20203021,새엄마 달래주기,,20200723,멜로/로맨스,일본,키무라 히로유키
20202308,범해진 신부 무삭제판,,20200710,멜로/로맨스,일본,히이라기 엔부
20203590,발정난 며느리:너무 거대해,,20200731,멜로/로맨스,일본,사노 B사쿠
20209986,미즈노의 가터벨트,,20200703,성인물(에로),일본,다나카 켄타로
20197112,뮤지컬 브로드웨이 42번가,42nd Street: The Musical,20200708,뮤지컬,미국,마크 브램블
20202664,무엇이든 해주는 섹스돌 무삭제판,,20200721,멜로/로맨스,일본,코이케.Jp
20203023,몰래 보여주는 옆집여자,,20200722,멜로/로맨스,일본,이즈미 류지
20202682,더럽혀진 예비신부 무삭제판,,20200721,멜로/로맨스,일본,히이라기 엔부
20203042,다 주는 이웃집 돌싱녀,,20200724,멜로/로맨스,일본,버드맨 텟페이
20202681,남편친구와 농후한 섹스,OXTUTOTOSINNYU,20200720,멜로/로맨스,일본,하라다 칸토나
20203022,끝내주는 가슴의 유부녀,,20200723,멜로/로맨스,일본,하라다 칸토나
20200244,주부남편의 발기찬 바깥생활,,20200731,성인물(에로),한국,정미나
20201795,맛있는 과외누나2,,20200731,성인물(에로),한국,이가온
20201868,하이에나,,20200730,성인물(에로),한국,리차드 킴
20190976,혈전 : 피의 전쟁,Opposite of Blood,20200728,액션,미국,무명
20203121,예민한 모녀,,20200728,성인물(에로),한국,성운아
20201981,18금 아이돌 승하의 화려한 외출,,20200727,멜로/로맨스,한국,최진철
20200202,꿈의직장 스와핑오피스,,20200727,드라마,한국,한동호
20201142,오션스 게임,Danny's Game,20200727,드라마,미국,무명
20202526,첫섹스만50번째,,20200725,멜로/로맨스,한국,김레이
20205716,트러스트 넘버원,TRUST NO 1,20200724,액션,미국,무명
20202548,이모의유혹3-무삭제판,,20200724,멜로/로맨스,한국,원명준
20201365,장모의 맛,,20200724,멜로/로맨스,한국,윤준세
20202549,가슴큰새엄마,,20200724,멜로/로맨스,한국,이정석
20201794,위험한 정사-덫,,20200723,성인물(에로),한국,이가온
20201401,킹 아더 카멜롯의 기사,ARTHUR & MERLIN: KNIGHTS OF CAMELOT,20200723,액션,영국,자일스 앨더슨
20202882,부장의 젊은 아내-무삭제판,Director's young wife,20200723,성인물(에로),일본,오자키 히로코우지
20209991,고 피쉬!,Go Fish!,20200723,애니메이션,미국,숀 패트릭 오렐리
20209425,깡패와소녀,Bully and girl,20200722,드라마,한국,방현준
20202061,18금 아이돌 승하의 섹스 스캔들,,20200721,멜로/로맨스,한국,최진철
20200145,할로윈: 살인마 잭,The Legend of Halloween Jack,20200721,공포(호러),영국,앤드류 존스
20202475,구멍동서,,20200720,기타,한국,이상수
20200621,위자 크래프트,Ouija Craft,20200720,공포(호러),미국,아론 머티스
20202551,두근두근펜션,,20200720,멜로/로맨스,한국,김레이
20202550,나의연인-마네퀸,,20200720,멜로/로맨스,한국,김레이
20201263,샤크 쓰나미,The last sharknado: It's about time,20200717,어드벤처,미국,안소니 C. 페란트
20201264,샤크 베이트,6-Headed Shark Attack,20200717,스릴러,미국,마크 앳킨스
20202206,가슴큰엄마친구,,20200717,멜로/로맨스,한국,이정석
20201588,완벽한 섹스,,20200716,멜로/로맨스,한국,김레이
20202174,사내정사: 은밀한 회의실 무삭제,,20200716,멜로/로맨스,한국,이두희
20202604,음란한 시아버지와 며느리,Targeted bride,20200716,성인물(에로),일본,잠파
20202642,내 첫경험은 옆집 아줌마,Incomplete combustion,20200716,성인물(에로),일본,잠파
20197202,기러기 아빠 : 20대 섹스 파트너들 무삭제,,20200716,멜로/로맨스,한국,김환
20201221,컨택트 2020,Proximity,20200715,SF,미국,무명
20201663,택배기사의 참교육 무삭제판,Ottonomenomaedeokasaretetogu Suzu,20200714,드라마,일본,무명
20201662,위로해준 시동생 무삭제판,"Anata, yurushite Kotone",20200714,드라마,일본,나기라 겐조
20201642,욕정해결사,"Anata, yurushite Akesato tsumugi",20200714,드라마,일본,나기라 겐조
20201661,옆집아재,Yokorenbo onna zakari no danchi tsuma Kase Kanako,20200714,드라마,일본,무명
20201865,기린의 날개,The Wings of the Kirin,20200714,범죄,일본,도이 노부히로
20202222,헤븐퀘스트,Heavenquest : A Pilgrim's Progress,20200713,액션,미국,무명
20201302,간기녀 - 간통을 기다리는 여자,,20200713,성인물(에로),한국,김호
20201241,베토벤 프로젝트,Beethoven Project,20200712,공연,독일,존 노이마이어
20201783,하녀엄마,,20200711,성인물(에로),한국,노세기
20201782,여관발이,,20200710,성인물(에로),한국,노세기
20201828,불륜의 세계,,20200710,기타,한국,신성진
20202403,딥한 관계,,20200710,기타,한국,맹진사
20202402,노처녀 팀장의 목적,,20200710,기타,한국,박돌이
20201781,흐느끼는 숙모,,20200710,멜로/로맨스,한국,천성준
20201551,오르가즘 하숙집,,20200709,멜로/로맨스,한국,김레이
20201693,아랑의 은밀한 성감대 - 무삭제,,20200709,멜로/로맨스,한국,성기만
20192102,조선 스캔들,,20200708,멜로/로맨스,한국,이동현
20201666,여선생의 금지된 방문교육,,20200707,성인물(에로),일본,카즈마
20193147,아크나텐,Akhnaten,20200707,공연,미국,무명
20206052,사범님의 젊은 아내,,20200707,기타,일본,아사기리 조
20206047,거유미녀 서큐버스2,,20200707,기타,일본,아사기리 조
20202173,잘 주는 유부녀들 무삭제판,,20200707,멜로/로맨스,일본,아카바네 키쿠지로
20202172,뭐든 잘 주는 새엄마,,20200707,멜로/로맨스,일본,키무라 히로유키
20202171,며느리의 속사정,,20200707,멜로/로맨스,일본,버드맨 텟페이
20200195,섹스노예,,20200706,드라마,한국,한동호
20201843,유혹하는 어린 새엄마,,20200704,멜로/로맨스,일본,버드맨 텟페이
20201862,순종하는 며느리,,20200704,멜로/로맨스,일본,버드맨 텟페이
20201161,팔리아치,Pagliacci,20200703,공연,이탈리아,마리오 마르토네
20209490,옆방에 일본여자가 싼다,,20200703,성인물(에로),한국,신효성
20209405,여배우들: 섹스 오디션,,20200703,성인물(에로),한국,정미나
20201819,취하면 벗고보는 이웃여자,,20200703,멜로/로맨스,일본,버드맨 텟페이
20201045,옆집소녀4,,20200703,멜로/로맨스,한국,원명준
20201842,밝히는 유부녀:또 하고싶어,,20200703,멜로/로맨스,일본,아카바네 류지
20201820,발정난 유부녀들,,20200703,멜로/로맨스,일본,이즈미 류지
20201861,뜨거운 새엄마,,20200703,멜로/로맨스,일본,키무라 히로유키
20209406,세자매 은밀한 섹파,,20200702,성인물(에로),한국,정미나
20201963,가슴 큰 여동생,,20200702,멜로/로맨스,한국,이동준
20201921,친척 여동생,,20200701,기타,한국,최성은
20201867,친척 누나,,20200701,기타,한국,최성은
20201882,착한도련님,,20200701,기타,한국,최성은
20201426,욕정 마사지,Anata yurushite Namiki Toko,20200701,드라마,일본,나기라 겐조
20201881,오빠가 너무해,,20200701,기타,한국,최성은
20192818,디재스터 라이프,Disaster Life,20200701,기타,한국,백지훈
20208302,내 여자의 남자들 2,,20200701,멜로/로맨스,한국,한동호
20202761,콜리니 케이스,The Collini Case,20200730,범죄,독일,마르코 크레즈페인트너
20202614,래미와 친구들: 푸른푸른 초원의 위기,The Mythical Ark : Adventures in Love & Happiness,20200730,애니메이션,중국,웨이밍 황
20209107,세인트 주디 ,Saint Judy,20200729,드라마,미국,무명
20200601,1942: 언노운 배틀,Unknown Battle,20200729,전쟁,러시아,무명
20209721,에베레스트,The Climbers,20200722,액션,중국,이인항
20208983,시라이,Shirai-san,20200715,공포(호러),일본,무명
20209408,와일드 시티,The Corrupted,20200617,액션,영국,론 스캘펠로
20208887,16세의 사운드트랙,Soundtrack to Sixteen,20200702,코미디,영국,힐러리 셰익스피어
20209362,도미노,DOMINO,20200611,범죄,덴마크,브라이언 드 팔마
20201385,모탈: 레전드 오브 토르,MORTAL,20200709,액션,기타,안드레 외브레달
20200846,부산행:익스텐디드,TRAIN TO BUSAN:EXTENDED,20200701,액션,한국,연상호
20209163,카메론 포스트의 잘못된 교육,The Miseducation of Cameron Post,20200604,드라마,미국,데지레 아카반
20200361,"아무튼, 아담",Adam,20200702,드라마,미국,무명
20209644,엔딩스 비기닝스,"ENDINGS, BEGINNINGS",20200624,드라마,미국,드레이크 도리머스
20202458,가슴 큰 태희-무삭제판,,20200710,멜로/로맨스,한국,이동준
20194301,백년의 기억,"Korea, A Hundred Years of War",20200611,다큐멘터리,프랑스,피에르 올리비에 프랑수아
20201184,성인 신고식,,20200707,성인물(에로),한국,한동호
20200083,해피 디 데이,Dog Days,20200701,코미디,미국,켄 마리노
20202101,남편 부하에게 타락되어 젖는 육체,,20200707,성인물(에로),일본,비바 곤조
20207432,말할 수 없는 비밀:이모와의 관계,,20200706,멜로/로맨스,한국,윤준세
20207409,19금 불륜소설 무삭제판,,20200706,멜로/로맨스,한국,윤준세
20206054,장모님들의 사랑 - 무삭제,,20200703,멜로/로맨스,한국,왕지방
20208881,부력,Buoyancy,20200625,드라마,호주,로드 라스젠
20201281,인 더 다크: 악령의 부활,The Dark Within,20200703,공포(호러),영국,무명
20201382,아이덴티티: 11번째 환자,The 11th Patient,20200703,공포(호러),미국,무명
20201383,바이러스: 인류 최후의 날,Night Zero,20200703,액션,미국,마크 캔튜
20200483,인헤리턴스,INHERITANCE,20200625,스릴러,미국,무명
20200245,코드 8,CODE 8,20200702,SF,캐나다,무명
20209803,"시, 나리오","Si, Nario",20200702,드라마,한국,김동원
20209492,구속,,20200702,드라마,한국,왕지방
20205715,골든타임,The Martyr Maker,20200630,액션,미국,무명
20201689,가슴 큰 여대생,,20200630,멜로/로맨스,한국,이동준
20201683,신천역 3번출구-확장판,,20200630,멜로/로맨스,한국,노현진
20209513,아일랜드 제로,Island Zero,20200626,공포(호러),미국,무명
20209489,맛있는 섹스 그리고 언니들,,20200626,성인물(에로),한국,신효성
20192481,하숙집 : 굶주린 늑대들 무삭제,,20200625,멜로/로맨스,한국,김종민
20200926,판타스틱 썸머,SUMMER'03,20200625,드라마,미국,무명
20207923,킬 모드,KILL MODE,20200625,액션,네덜란드,무명
20209110,벨빌 캅 ,Belleville Cop,20200625,범죄,프랑스,라시드 부샤렙
20200828,주말 오후 6시의 연인-무삭제판,,20200624,멜로/로맨스,한국,왕지방
20201341,음란한 이복누나 무삭제판,,20200623,멜로/로맨스,일본,쿠로아카 긴조
20201322,오일 마사지 해주는 이웃여자,,20200623,멜로/로맨스,일본,버드맨 텟페이
20201323,물오른 육체:누구라도 좋아 무삭제판,,20200623,멜로/로맨스,일본,아카바네 키쿠지로
20201321,끝내주는 가슴의 어린 새엄마,,20200623,멜로/로맨스,일본,버드맨 텟페이
20209004,사냥의 시간: 데스 게임,AMERICAN HUNT,20200622,공포(호러),미국,아론 머티스
20209005,무협: 더 코드,Wu Xia 2 the Code,20200622,액션,미국,조니 우
20201381,담배가게 아가씨 : 나를 당겨 주세요,,20200622,성인물(에로),한국,마의성
20197848,엄마친구 2020,,20200622,멜로/로맨스,한국,김환
20209426,아이돌 섹스: LA 교포녀,,20200619,성인물(에로),한국,정미나
20209507,싸와디캅 원정섹스2,,20200619,성인물(에로),한국,신효성
20201040,처제중독,,20200619,멜로/로맨스,한국,노현진
20207564,카사노바의 라스트 러브,"Casanova, Last Love",20200618,멜로/로맨스,프랑스,브누와 쟉꼬
20200444,연쇄살인마의 이중생활,code 60,20200618,범죄,스페인,무명
20200787,부부 성생활 연구회,Haitoku no hitodzuma Osamu Tsubasa,20200617,드라마,일본,무명
20200773,남편보다 점장님,Furachina kangakari Matsunaga sana,20200617,드라마,일본,사다오카 사다오
20200675,두처제3-무삭제,,20200617,멜로/로맨스,한국,이정석
20209722,가슴 큰 연주,,20200616,멜로/로맨스,한국,이동준
20209921,열리는 누나들,,20200615,멜로/로맨스,한국,김태규
20209464,블러드: 궁금한 이야기,Blood Myth,20200615,공포(호러),영국,무명
20209225,맨슨 패밀리,The Manson Family Massacre,20200615,공포(호러),영국,앤드류 존스
20209488,싸와디캅 원정섹스,,20200612,성인물(에로),한국,신효성
20206049,AV 여배우의 직장 체험기,,20200609,기타,일본,무명
20200381,한입만,,20200609,드라마,한국,최성은
20206048,은밀한 서비스 ,,20200609,기타,일본,핫시이
20200336,우리 형수님,,20200609,드라마,한국,최성은
20209522,여선생3 무삭제,,20200609,드라마,한국,최성은
20206059,시미켄의 촬영 강의,,20200609,기타,일본,무명
20208023,내 친구의 딸 무삭제,,20200609,멜로/로맨스,한국,유서준
20206058,과외선생과 성적의 관계3,,20200609,기타,일본,아사기리 조
20209983,마더체인지,mother change,20200609,멜로/로맨스,미국,무명
20200003,내연녀,secret mistress ,20200609,성인물(에로),한국,이영인
20209002,지구 침공: 컨테이젼,Invasion Planet Earth,20200608,SF,영국,무명
20209201,웨이크필드 프로젝트,A Wakefield Project,20200608,공포(호러),미국,무명
20195483,에이브의 쿠킹 다이어리,Abe,20200624,드라마,브라질,무명
20208617,인베이젼 2020,Invasion,20200701,SF,러시아,표도르 본다르추크
20200912,포스 오브 네이쳐,Force of Nature,20200701,액션,미국,마이클 폴리쉬
20200802,킬 스위치,Kill Switch,20200701,SF,미국,무명
20209506,방콕 어린형수,,20200605,성인물(에로),한국,신효성
20209496,내 상사의 부인,,20200605,멜로/로맨스,한국,김레이
20200143,시누이의 맛,,20200612,성인물(에로),한국,최정자
20201036,바람의 검 - 적영자,,20200616,액션,일본,야마구치 요시타카
20209467,전설의 파이터,,20200616,액션,한국,배효민
20196711,파리 오페라 발레단,Reset,20200611,다큐멘터리,프랑스,티에리 데마이지에르
20209848,가슴 큰 앞집 소녀,,20200603,멜로/로맨스,한국,이동준
20209801,세 여자,,20200602,멜로/로맨스,한국,왕지방
20201644,자매들: 감금의 추억 무삭제판,,20200630,드라마,한국,한동호
20200730,3022: 지구 대폭발,3022,20200630,SF,미국,존 슈이츠
20180765,카르멘,CARMEN,20200603,공연,영국,무명
20207895,로그 워페어 2 더 헌트,ROGUE WARFARE 2 THE HUNT,20200603,전쟁,미국,마이크 건서
20209511,페이건 워리어,Pagan Warrior,20200602,액션,미국,루이자 워렌
20209512,컬트 걸,Cult Girls,20200602,공포(호러),미국,무명
20209202,사랑의 묘약,L’ELISIR D’AMORE,20200602,공연,이탈리아,무명
20209463,나의 첫 번째 슈퍼스타,The High Note,20200610,코미디,미국,니샤 가나트라
20208785,새엄마의 욕망,,20200529,멜로/로맨스,한국,이동준
20201041,엑소시즘: 귀신과의 대화,Inner Ghosts,20200626,공포(호러),포르투갈,무명
20209684,아내의 세계,,20200626,드라마,한국,왕지방
20209028,환상의 마로나,Marona’s Fantastic Tale,20200611,애니메이션,프랑스,안카 다미안
20204791,다크 워터스 ,Dark Waters,20200311,드라마,미국,토드 헤인즈
20199024,친구 이모 무삭제,,20200625,멜로/로맨스,한국,김부곤
20208304,스와핑 : 부부모임,,20200625,멜로/로맨스,한국,최민현
20209508,나는 야한 여자,,20200625,드라마,한국,왕지방
20209109,인비저블 라이프,A Vida Invisivel,20200624,드라마,기타,카림 아이노우즈
20209607,1945: 포인트 오브 노 리턴,The Eastern Front: Point of No Return,20200624,전쟁,영국,릭 로버츠
20208241,하이큐!! 또 다른 도전,"Haikyu!! OVA1, Haikyu!! OVA2 and Haikyu!! OVA3",20200514,애니메이션,일본,미츠나카 스스무
20209127,아이언 마스크: 용패지미,The Mystery of The Dragon Seal,20200618,액션,러시아,올렉 스텝첸코
20200550,맛있는 세자매 2,,20200619,멜로/로맨스,한국,천성준
20208322,호빠오빠 ,,20200618,멜로/로맨스,한국,노현진
20200223,극장판 시티헌터: 신주쿠 프라이빗 아이즈,City Hunter: Shinjuku Private Eyes,20200618,애니메이션,일본,코다마 켄지
20207408,19금 연애소설 무삭제판,,20200618,멜로/로맨스,한국,윤준세
20209509,식스센스:속 보이는 여자들,,20200612,드라마,한국,왕지방
20200925,착한며느리:뜨거운 간호,,20200617,멜로/로맨스,일본,버드맨 텟페이
20200906,일본꽐라녀:달아오른 몸뚱이,,20200617,멜로/로맨스,일본,버드맨 텟페이
20200904,음탕한 누나의 성욕,,20200617,멜로/로맨스,일본,쿠로아카 긴조
20191048,온워드: 단 하루의 기적,Onward,20200617,애니메이션,미국,댄 스캔론
20200753,배관공과 유부녀의 유혹,Temptation of housing complex wife in the afternoon,20200617,성인물(에로),일본,무명
20200754,내 여자가 된 선생님,Trained tutor,20200617,성인물(에로),일본,무명
20200924,남편은 이렇게 못해줘,,20200617,멜로/로맨스,일본,토미죠 타로
20209683,아빠와 딸 그리고 딸의 친구들,,20200611,드라마,한국,이지은
20208741,루키스,The Rookies,20200520,액션,중국,원금린
20206262,내 아내의 엄마 2,,20200615,멜로/로맨스,한국,최찬호
20208543,싸커 퀸즈,Queens of the Field,20200527,코미디,프랑스,모하메드 하미디
20208264,미스비헤이비어,MISBEHAVIOUR,20200527,드라마,영국,필립파 로소프
20208562,씨 피버,Sea Fever ,20200513,SF,아일랜드,니사 하디만
20207501,그집,32 Malasana Street,20200527,공포(호러),스페인,무명
20204342,캣츠토피아,Cats and Peachtopia,20200430,판타지,중국,게리 왕
20207881,퍼펙트 내니,Perfect Nanny ,20200423,스릴러,프랑스,루시 보리튜
20185383,레미: 집 없는 아이,"Remi, Nobody's Boy",20200528,가족,프랑스,앙트완 블로시에르
20208282,더 플랫폼,The Platform,20200513,SF,스페인,무명
20208663,라스트 풀 메저,The Last Full Measure,20200520,드라마,미국,토드 로빈슨
20200665,정사:농익은 새엄마,,20200612,멜로/로맨스,일본,키무라 히로유키
20208123,정사 : 친구엄마와 친구누나,,20200612,멜로/로맨스,한국,최민현
20207429,정사 : 사돈처녀 2,,20200612,멜로/로맨스,한국,최민현
20200629,야한 며느리:타고난 명기,,20200612,멜로/로맨스,일본,나가에 타카미
20208124,삼촌의 여자들,,20200612,멜로/로맨스,한국,최민현
20205481,에어로너츠,The Aeronauts,20200610,드라마,영국,톰 하퍼
20196857,"조금씩, 천천히 안녕",The Long Good-Bye,20200527,가족,일본,나카노 료타
20188124,레옹 디 오리지널,LEON,20200611,액션,프랑스,뤽 베송
20200442,집주인 물건 빨아주는 세탁가정부,Housekeeper Akari,20200610,성인물(에로),일본,무명
20200387,음란한 과외 선생님,Playing partner is the son next door,20200610,성인물(에로),일본,무명
20200388,유부녀 집구멍으로 질속배달 택배기사,Home delivery service brother,20200610,성인물(에로),일본,무명
20200406,욕망에 눈뜬 여관 아줌마,Ryokan landlady who woke up to desire,20200610,성인물(에로),일본,츠지 코지
20200122,옆집여자의 술버릇,,20200610,멜로/로맨스,일본,버드맨 텟페이
20200104,끝내주는 도련님의 물건,,20200610,멜로/로맨스,일본,버드맨 텟페이
20200102,인사불성 취객녀와의 뜨거운 밤,,20200609,멜로/로맨스,일본,버드맨 텟페이
20200121,불륜 삼매경 무삭제판,,20200609,멜로/로맨스,일본,아카바네 키쿠지로
20200101,뜨거운 며느리,,20200609,멜로/로맨스,일본,버드맨 텟페이
20200103,대낮부터 발정난 아내 무삭제판,,20200609,멜로/로맨스,일본,사노 B사쿠
20209524,태양 대폭발: 지구 최후의 날,The Bobot,20200608,SF,우크라이나,무명
20209562,정사: 미친 사랑,Baby Jane,20200608,멜로/로맨스,핀란드,무명
20209226,음란착각 에미리짱- 성감첵크,,20200605,성인물(에로),일본,무명
20206244,여자 동창들 : 친구 오빠와 섹스한 날,,20200605,멜로/로맨스,한국,최민현
20209232,여상사와 단둘이 출장온 호텔,,20200605,성인물(에로),일본,무명
20209645,애원하는 유부녀,,20200605,멜로/로맨스,한국,천성준
20209229,숫처녀 같은 엄마친구,,20200605,성인물(에로),일본,무명
20209172,새엄마의 극락목욕탕,,20200605,성인물(에로),일본,무명
20209230,노골적인 폭유녀의 노브라공격,,20200605,성인물(에로),일본,무명
20209703,가슴 큰 처제-무삭제판,,20200603,멜로/로맨스,한국,이동준
20193288,숀더쉽 더 무비: 꼬마 외계인 룰라!,A Shaun the Sheep MOVIE: FARMAGEDDON,20200219,애니메이션,영국,리처드 펠런
20189612,"안녕, 미누",Free Minu,20200527,다큐멘터리,한국,지혜원
20203921,슈퍼스타 뚜루,Turu,20200604,뮤지컬,스페인,무명
20209782,어린여동생2-무삭제,,20200603,멜로/로맨스,한국,이정석
20209681,숨도 못 쉬게 깊이 들어온 동창,,20200602,성인물(에로),일본,무명
20192842,스와핑 : 선배의 아내 ,,20200601,성인물(에로),한국,한대위
20208596,피델리오,Fidelio,20200531,공연,독일,무명
20209282,이모의유혹3,,20200529,멜로/로맨스,한국,원명준
20209770,아내를 부탁해:남편 앞에서 즐기다,,20200529,멜로/로맨스,일본,하라다 칸토나
20209166,배달노출2 : 초대남과 좋아죽는 와이프,Pizza Dare2,20200529,성인물(에로),한국,공자관
20209765,나쁜섹스:아들의 여자,,20200529,멜로/로맨스,일본,버드맨 텟페이
20209881,가슴 큰 옆집 소녀 ,,20200529,멜로/로맨스,한국,이동준
20209561,오빠는 음식은 가려도 여자는 안가려,,20200528,성인물(에로),한국,정미나
20208782,자매의 이웃,,20200527,멜로/로맨스,한국,김석만
20209302,왕게임,,20200527,멜로/로맨스,한국,정도수
20209465,가슴 큰 뒷집소녀,,20200527,멜로/로맨스,한국,이동준
20205183,여대생의 AV 데뷔기 2,,20200526,성인물(에로),일본,무명
20205181,베이글녀의 진지한 데이트,,20200526,성인물(에로),일본,무명
20209441,가슴 큰 울 엄마 2,,20200522,멜로/로맨스,한국,이동준
20195893,소림절세귀동 - 천하곡술 ,The Murder of Blood Pupil,20200520,액션,홍콩,황송
20205243,메탈리카와 샌프란시스코 심포니,METALLICA & SAN FRANCISCO SYMPHONY: S&M2,20200520,공연,미국,무명
20209010,그녀와의 스와핑,,20200520,성인물(에로),한국,신효성
20209281,조쉬 그로반: 브리지스 뉴욕 매디슨스퀘어가든 콘서트,Josh Groban Bridges,20200520,공연,영국,무명
20205564,잠자는 숲 속의 미녀 ,The Sleeping Beauty,20200502,공연,영국,마리우스 프티파
20208783,부부교환의 목적2,,20200515,멜로/로맨스,한국,김석만
20209162,가슴 큰 형수-무삭제판,,20200514,멜로/로맨스,한국,이동준
20208142,피쉬 스쿨 2,Fish School 2,20200511,애니메이션,미국,무명
20180828,쥬피터 스타쉽,Astronaut: The Last Push,20200508,SF,미국,에릭 헤이든
20208597,아르코라이브 무용 히트 앤 런,ARKO LIVE 무용 HIT&RUN,20200506,공연,한국,무명
20208661,가슴 큰 새 누나 2 ,,20200506,멜로/로맨스,한국,이동준
20193146,마담 버터플라이,Madama Butterfly,20200505,공연,미국,무명
20207467,피가로의 결혼 ,Le Nozze di Figaro,20200501,공연,이탈리아,그레이엄 빅
20209125,데드워터 ,DEAD WATER,20200528,스릴러,미국,무명
20209481,가자 장미여관으로 4,,20200528,멜로/로맨스,한국,최우성
20209161,언더워터,Underwater,20200527,스릴러,미국,윌리엄 유뱅크
20204336, 딸의 일기 - 무삭제판,,20200527,멜로/로맨스,한국,계장혁
20208268,샬롯: 욕망의 법칙,Softness of Bodies,20200501,멜로/로맨스,미국,무명
20208604,금기를 깨트린 여자들,House of Sweat & Tears,20200520,공포(호러),스페인,무명
20193538,형수 : 금지된 사랑 무삭제,,20200526,멜로/로맨스,한국,김진우
20208987,핫바디,The Neighbor's trap,20200526,성인물(에로),일본,잠파
20209008,이웃의 아내,The Neighbor,20200526,스릴러,미국,아론 하비
20198015,동거 : 착한 처제 무삭제,,20200526,멜로/로맨스,한국,김환
20196865,관전녀 - 무삭제판,,20200520,멜로/로맨스,한국,계장혁
20196302,처제의 일기 - 무삭제판 ,,20200520,멜로/로맨스,한국,정진호
20209181,아랑의은밀한성감대,,20200518,멜로/로맨스,한국,성기만
20208265,루팡 3세: 더 퍼스트,Lupin III: The First,20200521,애니메이션,일본,야마자키 타카시
20209168,화끈한 처제의 맛,,20200521,멜로/로맨스,한국,김레이
20209428,야한 첫경험:남편 앞에서 간통,,20200521,멜로/로맨스,일본,하라다 칸토나
20209301,시아버지의 여자-무삭제판,Gift from his father-in-law,20200521,성인물(에로),일본,오자키 히로코우지
20209429,새엄마와의 뜨거운 여행,,20200521,멜로/로맨스,일본,키무라 히로유키
20205722,비홀드 마이 하트,Behold My Heart,20200521,드라마,미국,조슈아 레오나드
20209287,블러드샷,Bloodshot,20200521,액션,미국,데이브 윌슨
20208122,카페 벨에포크,La belle epoque,20200520,코미디,프랑스,니콜라스 베도스
20193323,어린 누나 4 - 무삭제판,,20200520,멜로/로맨스,한국,김태수
20208988,아르코라이브 의자 고치는 여인,ARKO LIVE 의자 고치는 여인,20200520,공연,한국,무명
20208369,브레이크 ,Break,20200520,스릴러,러시아,무명
20209221,처제의 비밀-무삭제  ,,20200519,멜로/로맨스,한국,최재후
20209007,젊은 새엄마의 속사정,The Stepchild,20200519,성인물(에로),일본,잠파
20208941,가슴 큰 가인,,20200515,멜로/로맨스,한국,이동준
20208343,아내를 빌려드립니다,,20200514,멜로/로맨스,한국,노현진
20190826,해피 해피 레스토랑 ,Restaurant from the sky,20200514,가족,일본,후카가와 요시히로
20208686,콜 오브 와일드,The Call of the Wild,20200514,어드벤처,미국,크리스 샌더스
20204225,출장 마사지 : 흥분한 여자들 2 ,,20200514,멜로/로맨스,한국,김진우
20206814,쌍둥이 여친 과외하기,,20200514,드라마,한국,최정자
20190022,새아들 무삭제,,20200514,멜로/로맨스,한국,김환
20207914,기도의 막이 내릴 때,The Crimes that Bind,20200514,드라마,일본,후쿠자와 카츠오
20197398,금의위-기문둔갑,The Rule of Undeaded Insect,20200514,사극,홍콩,황송
20208861,친구누나들-무삭제,,20200513,멜로/로맨스,한국,이정석
20194205,정사 : 착한 며느리들 3 무삭제,,20200513,멜로/로맨스,한국,이민우
20205532,장모님들의 사랑,,20200513,멜로/로맨스,한국,왕지방
20208865,이혼녀의 쫄깃 속살,,20200513,멜로/로맨스,일본,버드맨 텟페이
20193303,엄마의 일기 - 무삭제판,,20200513,멜로/로맨스,한국,최우성
20208594,어쩌다 아스널,FOURMI,20200513,드라마,프랑스,줄리엔 라페뉴
20208837,배관공의 손기술:물 터진 날,,20200513,멜로/로맨스,일본,나가에 타카미
20204501,레미제라블: 뮤지컬 콘서트,Les Misérables: The Staged Concert,20200513,뮤지컬,미국,제임스 파우웰
20196076,러시아 가정부 무삭제,,20200513,멜로/로맨스,한국,김환
20208867,홀딱 벗고 사는 아내,,20200512,멜로/로맨스,일본,버드맨 텟페이
20209006,전 남친에 빼앗긴 아내,Emi and Kenjiro,20200512,성인물(에로),일본,잠파
20208864,이웃집 유부녀:속궁합 맞추기,,20200512,멜로/로맨스,일본,토미죠 타로
20208836,뜨거워진 새엄마,,20200512,멜로/로맨스,일본,키무라 히로유키
20208866,게이샤:격정정사,,20200512,멜로/로맨스,일본,이시카와 지로
20208641,가슴 큰 초희,,20200512,멜로/로맨스,한국,이동준
20208222,가슴 큰 울 엄마,,20200506,멜로/로맨스,한국,이동준
20196606,친구의 새엄마 무삭제,,20200511,멜로/로맨스,한국,김환
20206865,애프터 웨딩 인 뉴욕 ,After the Wedding,20200423,드라마,영국,바트 프룬디치
20206731,행복의 단추를 채우는 완벽한 방법,Sometimes Always Never,20200402,코미디,영국,칼 헌터
20199849,퀸 오브 아이스,Sonja: The White Swan,20200326,드라마,노르웨이,안네 세비스퀴
20207201,핀란드 메탈밴드 ,Heavy Trip,20200409,코미디,핀란드,무명
20206967,피델리티,Fidelity,20200415,드라마,러시아,니기나 사이풀라에바
20207893,프리즌 이스케이프,ESCAPE FROM PRETORIA,20200506,어드벤처,영국,무명
20206861,선생님과 길고양이,Teacher and stray cat,20200409,코미디,일본,후카가와 요시히로
20206342,펠리칸 베이커리,Pelican: The Tradition of 74-Year-Old Baker,20200402,다큐멘터리,일본,무명
20205191,모리의 정원,"mori, the artist's habitat",20200326,드라마,일본,오키타 슈이치
20206741,쉬 네버 다이,She Never Died,20200402,스릴러,캐나다,오드리 커밍스
20207281,헌티드 파크,Toshimaen: Haunted Park,20200506,공포(호러),일본,타카하시 히로시
20206421,어린 작은엄마,,20200508,멜로/로맨스,한국,최민현
20206441,마이 스파이,My Spy,20200429,액션,미국,피터 시걸
20207730,주인집 딸,,20200507,멜로/로맨스,한국,계장혁
20206490,외계인 지구침공,Alien Invasion,20200507,SF,스페인,마크 카레트
20191622,사위 사랑은 장모 무삭제,,20200507,멜로/로맨스,한국,한대위
20208662,어린장모2-무삭제,,20200506,멜로/로맨스,한국,이정석
20208702,새엄마:처음엔 거부 나중엔 신음,ABUNAI KANNKEI-01,20200506,멜로/로맨스,일본,키무라 히로유키
20208685,며느리 달래주기,MUSUKONO OYOMESAN-01,20200506,멜로/로맨스,일본,버드맨 텟페이
20180377,리벤지,Revenge,20200506,액션,프랑스,코랄리 파르쟈
20197444,더 워닝,The Warning,20200506,스릴러,스페인,다니엘 칼파소로
20208121,파이브 갤럭시스,Five Galaxies,20200504,SF,미국,넬슨 리
20208701,잘 주는 옆집여자,TONARINOBIJINTUMA-01,20200504,멜로/로맨스,일본,버드맨 텟페이
20208682,이혼녀의 맛,SINMAMA,20200504,멜로/로맨스,일본,버드맨 텟페이
20191447,섹스남녀 : 우린 속 궁합이 잘 맞아 무삭제,,20200504,멜로/로맨스,한국,한대위
20205186,미용실 : 특별한 서비스 4,,20200504,멜로/로맨스,한국,이왕규
20208683,며느리:좋아서 신음하는 몸,MOUOKASIKUNARISOU,20200504,멜로/로맨스,일본,아카바네 키쿠지로
20208684,며느리:남편보다 시아버지가 좋아,GIBUTOKYONYUUNOYOME-03,20200504,멜로/로맨스,일본,사노 B사쿠
20208154,강호제일검 금강철선,,20200504,액션,중국,손전림
20197400,독수인심,The Kindhearted and Bitter,20200430,액션,홍콩,황송
20207899,풍만 형수의 노예계약 - 음모론,,20200502,성인물(에로),일본,무명
20207932,폭유도발클럽 - 제복편,,20200502,성인물(에로),일본,무명
20207944,패션모델 여상사의 갑질,,20200502,성인물(에로),일본,무명
20207925,치한을 부르는 여자-만원버스,,20200502,성인물(에로),일본,무명
20207943,인형같은 노조미짱-전력봉사,,20200502,성인물(에로),일본,무명
20207935,유부녀의 젖은 몸을 보자,,20200502,성인물(에로),일본,무명
20207924,온천여관 여주인의 서비스,,20200502,성인물(에로),일본,무명
20207926,엄청 야릇한 옆집 거유녀,,20200502,성인물(에로),일본,무명
20207927,야한 치어리더는 옆집유부녀,,20200502,성인물(에로),일본,무명
20207934,신혼밤 제대로 보여드립니다,,20200502,성인물(에로),일본,무명
20207941,사장에게 봉사하는 미인비서,,20200502,성인물(에로),일본,무명
20207933,불륜 중독 - 당신없인 못살아,,20200502,성인물(에로),일본,무명
20207942,미니멈 걸과 터지는 사랑,,20200502,성인물(에로),일본,무명
20207945,모델하우스에서  몰래섹스,,20200502,성인물(에로),일본,무명
20208303,남편상사들 무삭제판,"Anata, yurushite - Akiyama Shoko",20200429,멜로/로맨스,일본,나기라 겐조
20197397,나의 청춘은 너의 것,Love the Way You Are,20200429,멜로/로맨스,대만,주동
20208612,흔들흔들,,20200429,성인물(에로),일본,타카하라 히데카즈
20194662,친구 누나 4 무삭제,,20200429,멜로/로맨스,한국,이민우
20190067,우리 스와핑 할까? 무삭제,,20200429,멜로/로맨스,한국,한대위
20208221,왕과 나: 런던 팔라디움 극장 뮤지컬,The King and I: From the London Palladium,20200429,공연,영국,게리 할버슨
20206261,엄마친구 : 친구의 아들을 유혹하다,,20200429,멜로/로맨스,한국,최민현
20206404,시아버지와 착한 며느리,,20200429,멜로/로맨스,한국,최민현
20208590,소리를 들려줘,,20200429,성인물(에로),일본,이마오카 신지
20207684,빅풋 레전드,Big Legend,20200429,액션,미국,저스틴 리
20206405,동거 : 아내의 친구,,20200429,멜로/로맨스,한국,최민현
20208613,갈망 ,,20200429,성인물(에로),일본,타카하라 히데카즈
20208591,가슴 큰 새 누나,,20200429,멜로/로맨스,한국,이동준
20207364,착한아내의 불륜정사,,20200428,성인물(에로),일본,무명
20208541,흠뻑젖은 사모님,,20200428,멜로/로맨스,일본,사다오카 사다오
20208561,육덕녀의 고객관리,,20200428,멜로/로맨스,일본,나기라 겐조
20207362,내아내를 탐한 친누나,,20200428,성인물(에로),일본,무명
20208041,엄마의 비밀친구,Her Secret Friend,20200427,성인물(에로),한국,김석만
20205717,우리누나의 첫경험,,20200423,멜로/로맨스,한국,윤경식
20207061,사탄의 드론,The Drone,20200423,공포(호러),러시아,조던 루빈
20208141,피쉬 스쿨,Fish School,20200423,애니메이션,미국,무명
20206982,킹덤,Kingdom,20200429,액션,일본,사토 신스케
20191123,티켓다방 2 - 무삭제판,,20200422,멜로/로맨스,한국,최우성
20206445,음란한 과외,,20200422,성인물(에로),한국,이동준
20207222,킹덤: 아메리칸 좀비,My Uncle John Is a Zombie,20200420,코미디,미국,존 A. 루소
20206444,마사지 걸의 유혹,,20200416,성인물(에로),한국,이동준
20207563,엄마와 딸의 은밀한 레슨,Her Secret Lesson,20200415,멜로/로맨스,한국,김석만
20207363,세자매의 불륜정사,,20200409,성인물(에로),일본,무명
20205524,세비야의 이발사,Il Barbiere di Siviglia,20200303,공연,이탈리아,무명
20207381,뜨거운 장모님,,20200409,성인물(에로),일본,무명
20207005,젊은엄마5,,20200408,멜로/로맨스,한국,정도수
20207241,이웃집 섹스중독녀,Complexed Affairs ,20200408,드라마,일본,이즈미 유스이
20207521,발정난 여건물주,Fever in Apartment Rooms ,20200408,드라마,일본,무명
20205719,엄마와 딸의 은밀한 밤,,20200407,멜로/로맨스,한국,윤경식
20205195,리골레토,Rigoletto,20200405,공연,독일,필립 슈톨츨
20193690,환각섹스,,20200403,성인물(에로),한국,무명
20193689,누드모델의 목적,,20200403,성인물(에로),한국,무명
20206101,도둑냥,A stray cat,20200415,코미디,한국,지풍승
20206483,아르코 라이브 완창판소리프로젝트2 강산제수궁가,,20200414,공연,한국,무명
20206587,아틸라,Attila,20200403,공연,이탈리아,무명
20207441,어린 관리사 무삭제,,20200403,성인물(에로),한국,최성은
20207401,그녀와 아줌마의 동거 무삭제,,20200403,드라마,한국,유강
20205708,스케어리 스토리:어둠의 속삭임 ,Scary Stories to Tell in the Dark,20200325,판타지,미국,안드레 외브레달
20206609,어린 그녀 ,,20200409,멜로/로맨스,한국,정태준
20206463,사돈끼리 그거슨 아니지,,20200401,성인물(에로),한국,이동준
20205782,엄마의 남자친구,,20200401,멜로/로맨스,한국,김석만
20206443,섹시한 가정부,,20200401,성인물(에로),한국,이동준
20206203,몽정 : 파는여자,,20200409,멜로/로맨스,한국,왕지방
20207321,체이싱,Pain Threshold,20200423,액션,러시아,무명
20191798,여친 언니 2 무삭제,,20200423,멜로/로맨스,한국,한대위
20206165,이누야시키 : 히어로 VS 빌런,inuyashiki,20200422,SF,일본,사토 신스케
20207465,배달노출 : 알몸으로 유혹하기,Pizza Dare1,20200417,성인물(에로),한국,공자관
20190771,어린 이모 3 - 무삭제판,,20200415,멜로/로맨스,한국,계장혁
20204741,비밀정보원: 인 더 프리즌 ,The Informer,20200415,범죄,영국,안드레아 디 스테파노
20195012,엄마친구 6 무삭제,,20200409,멜로/로맨스,한국,김민우
20190806,어린 처형 3 - 무삭제판,,20200408,멜로/로맨스,한국,정진호
20206752,새봄의오르가즘-무삭제,,20200408,멜로/로맨스,한국,성기만
20183508,착한 엄마친구 3 무삭제,,20200407,멜로/로맨스,한국,김빛나
20192561,여자 동창생들 무삭제,,20200407,멜로/로맨스,한국,김종민
20207368,손빨래하는 여자,,20200407,드라마,한국,최정자
20195581,세자매의 스와핑 무삭제,,20200407,멜로/로맨스,한국,김민우
20205321,킹 오브 프리즘 올 스타즈 -프리즘 쇼☆베스트10-,KING OF PRISM ALL STARS -PRISM SHOW☆BEST10-,20200402,애니메이션,일본,히시다 마사카즈
20208135,치한 마을버스,,20200423,드라마,일본,무명
20208301,토네이도: 지구 재앙의 날,The Wind Walker,20200424,액션,미국,무명
20208273,욕구불만 유부녀의 스와핑,,20200424,멜로/로맨스,일본,에도가와 후타로
20207464,사내정사: 은밀한 회의실,,20200424,드라마,한국,이두희
20208181,후계자들,Line of Descent,20200423,액션,미국,무명
20207101,헌트,The Hunt,20200423,액션,미국,크레이그 조벨
20193473,유부녀들 : 남편 바꾸기 무삭제,,20200423,멜로/로맨스,한국,김진우
20208308,언니 남친 빼앗기,,20200423,멜로/로맨스,일본,히이라기 엔부
20208271,아내의 욕구불만,,20200423,멜로/로맨스,일본,사노 B사쿠
20207041,새아가,,20200423,멜로/로맨스,한국,계장혁
20208270,벌떡 세우는 섹스,,20200423,멜로/로맨스,일본,나가에 타카미
20208307,무한섹스:리얼돌,,20200423,멜로/로맨스,일본,코이케.Jp
20204223,며느리의 사랑 무삭제,,20200423,멜로/로맨스,한국,김환
20206766,딸의 친구 5,,20200423,멜로/로맨스,한국,계장혁
20190139,고양이와 할아버지,The Island of Cats,20200423,드라마,일본,미츠아키 이와고
20205208,정사 : 사돈처녀 무삭제,,20200422,드라마,한국,최민현
20206447,라라걸,Ride Like a Girl,20200415,드라마,호주,레이첼 그리피스
20206204,스와핑 : 두 여자,,20200417,멜로/로맨스,한국,왕지방
20205529,그링고,Gringo,20200305,액션,미국,내쉬 에드게톤
20205190,사랑이 뭘까,Just Only Love,20200409,멜로/로맨스,일본,이마이즈미 리키야
20205841,더 터닝 ,The Turning,20200402,미스터리,미국,플로리아 시지스몬디
20206446,n번째 이별 중,Time Freak,20200401,멜로/로맨스,미국,무명
20208068,즙 짜내는 맛집 여사장,Man who became the prey,20200417,성인물(에로),일본,히로아키
20207224,음란한 아내의 성욕,,20200417,성인물(에로),일본,무명
20208021,친구의 육덕진 딸 첫경험 시키기 무삭제판,,20200416,성인물(에로),일본,무명
20196283,착한 누나 무삭제,,20200416,멜로/로맨스,한국,김이슬
20207182,왕가슴 제수씨,"Daite, sore dakede ikara Nakamura chie",20200408,드라마,일본,무명
19788142,시체들의 새벽,Dawn Of The Dead,20200415,공포(호러),미국,조지 A. 로메로
20207988,불륜 스와핑:남편 모르게,,20200415,멜로/로맨스,일본,코이케.Jp
20208003,맛:얼굴은 베이글 몸은 육덕,,20200415,멜로/로맨스,일본,코이케.Jp
20207987,나쁜 섹스:좋아서 우는 형수,,20200415,멜로/로맨스,일본,코메이
20207643,밝히는 형수님,Lascivious bride,20200414,성인물(에로),일본,무명
20207644,남편은 출장 중,My husband is on a business trip,20200414,성인물(에로),일본,무명
20205902,신과 나: 100일간의 거래,Homestay,20200408,미스터리,기타,팍품 웡품
20207663,헤픈여자:많이 쌓였어요,,20200413,멜로/로맨스,일본,히이라기 엔부
20207645,임신스캔들:아내가 당했다,,20200413,멜로/로맨스,일본,토미죠 타로
20207646,바람난 아내:오피스와이프,,20200413,멜로/로맨스,일본,사노 B사쿠
20205842,가슴 큰 여자선배,,20200413,멜로/로맨스,한국,김진우
20205501,안마방 여대생들 ,,20200406,멜로/로맨스,한국,이종기
20206452,친척유부녀의 소문확인,,20200403,성인물(에로),일본,무명
20206458,친구엄마의 애교작렬,,20200403,성인물(에로),일본,무명
20206453,츠쿠시의 신혼 - 전남친이 그리워,,20200403,성인물(에로),일본,무명
20206454,초거유 히나타짱  - 기억소실,,20200403,성인물(에로),일본,무명
20206051,참한 누나 - 무삭제,,20200403,멜로/로맨스,한국,왕지방
20207262,젊은 아내의 불륜 현장,,20200403,성인물(에로),일본,하라다 칸토나
20206485,전여친이 상사의 아내라니,,20200403,성인물(에로),일본,무명
20206488,장모와 아내사이에서,,20200403,성인물(에로),일본,무명
20206482,장모님과 후끈한 밤을,,20200403,성인물(에로),일본,무명
20206484,이쁜 친구엄마도 나를 좋아해,,20200403,성인물(에로),일본,무명
20206455,음란아내 미망인-조교된 여자,,20200403,성인물(에로),일본,무명
20207407,음란 며느리 무삭제판,,20200403,멜로/로맨스,일본,버드맨 텟페이
20206449,외로운 숙모님도 나를 원해,,20200403,성인물(에로),일본,무명
20206457,옆집유부녀의 연속절정,,20200403,성인물(에로),일본,무명
20206448,연속절정 란제리부인,,20200403,성인물(에로),일본,무명
20206481,엄마의 재혼상대가 친구라니,,20200403,성인물(에로),일본,무명
20206921,어린 여동생2,,20200403,멜로/로맨스,한국,이정석
20207430,아주버님의 거친 매력 무삭제판,,20200403,멜로/로맨스,일본,토미죠 타로
20206451,새엄마가 원한 밤놀이,,20200403,성인물(에로),일본,무명
20206487,불륜에 뺏긴 아내 - 몸정,,20200403,성인물(에로),일본,무명
20206053,부부교환 하던 날 - 무삭제,,20200403,멜로/로맨스,한국,왕지방
20206450,베이글 새엄마의 유혹,,20200403,성인물(에로),일본,무명
20206459,반드시 계약하는 보험녀,,20200403,성인물(에로),일본,무명
20206456,만취한 친구아내가 나를,,20200403,성인물(에로),일본,무명
20206486,남편에게 들킨 불륜 - 연하남,,20200403,성인물(에로),일본,무명
20194002,형수의 유혹 무삭제,,20200402,멜로/로맨스,한국,김부곤
20185385,프리저베이션홀 재즈밴드,A Tuba to Cuba,20200402,다큐멘터리,미국,T.G. 헤링턴
20206964,촉산2 항마전,THE LEGEND OF ZU 2,20200402,액션,중국,무명
20206922,신천역 3번출구,,20200402,멜로/로맨스,한국,노현진
20194387,스와핑 : 아내의 친구 무삭제,,20200402,멜로/로맨스,한국,정철진
20207365,방심하다 뿌리박힌 새댁,The Immoral relationship,20200402,성인물(에로),일본,오자키 히로코우지
20206750,후배부부와교환섹스2-무삭제,,20200401,멜로/로맨스,한국,이정석
20190772,첫경험 3 - 무삭제판 ,,20200401,멜로/로맨스,한국,김태수
20207164,섹시 엑소시스트,,20200401,멜로/로맨스,일본,에도가와 후타로
20207184,사내섹스,,20200401,멜로/로맨스,일본,코토우라 사이로
20205582,아웃사이더 ,The Outsiders,20200402,기타,대만,가한진
20206805,섹시한형수,,20200331,멜로/로맨스,한국,이동준
20199873,돈 겟 컷,Don't Get Caught ,20200331,액션,미국,무명
20204423,최면에 빠진 하숙집 사모님,,20200329,성인물(에로),일본,아사기리 조
20204441,청초한 육덕 아내와 집주인,,20200329,성인물(에로),일본,무명
20205182,여대생의 AV 데뷔기,,20200329,성인물(에로),일본,무명
20205162,거유미녀 서큐버스,,20200329,성인물(에로),일본,무명
20192578,G컵 베이글의 격렬한 플레이,,20200328,성인물(에로),일본,무명
20193678,직장 여선배와의 하룻밤,,20200328,성인물(에로),일본,무명
20193705,위로가 필요한 윗집 여자,,20200328,성인물(에로),일본,무명
20193704,가질 수 없는 첫사랑 가정교사,,20200328,성인물(에로),일본,무명
20207263,친구엄마와 비밀친구,,20200327,성인물(에로),일본,무명
20191047,청불학원2,,20200327,,한국,김석만
20193694,아들의 아내2,,20200327,코미디,한국,유서준
20206462,스폰서 X,,20200327,멜로/로맨스,한국,에로핑
20207225,내여자의 불륜,,20200327,성인물(에로),일본,무명
20207006,더퍼지:최초의시작,Bad Apples,20200326,공포(호러),미국,무명
20206403,스와핑 부부,,20200325,성인물(에로),한국,이동준
20206582,친구아내는 육덕녀,"Anata, yurushite kiriya Nao",20200320,멜로/로맨스,일본,나기라 겐조
20205563,여선생3,,20200320,기타,한국,최성은
20206581,굶주린 엄마친구,Yujinno musukoni okasarete kizakijeshika,20200320,멜로/로맨스,일본,무명
20205282,어린 처제 4,,20200319,멜로/로맨스,한국,계장혁
20207162,취하면 아무에게나 주는 사모님,,20200331,멜로/로맨스,일본,나가에 타카미
20196303,착한 누나,,20200331,멜로/로맨스,한국,김이슬
20193871,스와핑 : 잘못된 쾌락 무삭제,,20200331,멜로/로맨스,한국,최민현
20207161,무엇이든 해주는 섹스돌,,20200331,멜로/로맨스,일본,코이케.Jp
20193145,마농,Manon,20200331,공연,미국,로랑 펠리
20207081,더럽혀진 예비신부,,20200331,멜로/로맨스,일본,히이라기 엔부
20207181,농락당하는 아내의 가슴,,20200331,멜로/로맨스,일본,히이라기 엔부
20206461,새엄마의 목적,,20200319,멜로/로맨스,한국,이로운
20206442,블라인드 파트너,,20200319,멜로/로맨스,한국,이로운
20193693,아내의 비밀남자,,20200318,멜로/로맨스,한국,김석만
20205643,어린장모2,,20200316,멜로/로맨스,한국,이정석
20205922,불륜의 노예로 살다,,20200312,성인물(에로),일본,무명
20205761,엄마와 딸의 섹스다이어트,,20200305,멜로/로맨스,한국,김석만
20205245,아메리칸 호러 스토리: 메리메이커의 살인자,Animal Among Us,20200305,공포(호러),미국,무명
20198876,음란한 모녀의 정사 무삭제판,,20200304,멜로/로맨스,한국,정야광
20204861,에일리언 우주전쟁, Alien Expedition,20200302,액션,미국,월리스 브라더스
20205711,파라다이스 힐스, Paradise Hills,20200319,판타지,스페인,앨리스 웨딩턴
20204326,문신을 한 신부님,Corpus Christi,20200213,드라마,폴란드,얀 코마사
20205946,페인티드 버드,The Painted Bird,20200326,드라마,슬로바키아,무명
20204119,빈폴,Beanpole,20200227,드라마,러시아,칸테미르 발라고프
20191109,페인 앤 글로리, Dolor y gloria,20200205,드라마,스페인,페드로 알모도바르
20206682,첫키스만 50번째 ,50 First Kisses,20200326,코미디,일본,후쿠다 유이치
20206925,일본여자:섹스 스파링,,20200326,멜로/로맨스,일본,토미죠 타로
20206943,언니남친:속궁합이 궁금해,,20200326,멜로/로맨스,일본,코메이
20207141,스와핑 : 아내의 동의 무삭제,,20200325,멜로/로맨스,한국,최민현
20193343,작은 엄마 2,,20200330,멜로/로맨스,한국,김환
20205095,막내 처제 2,,20200312,멜로/로맨스,한국,정진호
20206264,이은미-가슴큰누나-무삭제,,20200325,멜로/로맨스,한국,원명준
20206305,아르코라이브 뮤지컬 안테모사,ARKO LIVE 뮤지컬 안테모사,20200325,공연,한국,이정민
20206942,새엄마의 맛,,20200325,멜로/로맨스,일본,코이케.Jp
20197222,막내 처제 -  무삭제판,,20200311,멜로/로맨스,한국,계장혁
20206924,마을의섹스규칙:한여자 세남자,,20200325,멜로/로맨스,일본,토미죠 타로
20206941,동거:세여자 한남자,,20200325,멜로/로맨스,일본,이케지마 유타카
20206923,도시남녀:쾌락의 절정,,20200325,멜로/로맨스,일본,마츠오카 쿠니히코
20193648,네 멋대로 해라: 장 뤽 고다르,Le Redoutable,20200319,코미디,프랑스,미셀 하자나비시우스
20190734,그 누구도 아닌,Orphan,20200326,드라마,프랑스,아르노 데 팔리에르
20190640,온다,IT COMES,20200326,공포(호러),일본,나카시마 테츠야
20205187,마티나: 위험한 정사,F20,20200324,멜로/로맨스,크로아티아,무명
20197974,동거 : 착한 처제,,20200324,멜로/로맨스,한국,김환
20206603,시골처녀 유혹하기,,20200323,멜로/로맨스,한국,이동준
20197201,기러기 아빠 : 20대 섹스 파트너들 ,,20200323,멜로/로맨스,한국,김환
20205709,친구누나들,,20200320,멜로/로맨스,한국,이정석
20194988,슈윙! 블루 노트 레코드 스토리,It Must Schwing - The Bluenote Story,20200319,다큐멘터리,독일,에릭 프리에들러
20206614,부끄러운 첫경험,Carrot and stick,20200319,성인물(에로),일본,히로아키
20206615,변태 함정에 걸린 슬림핏 청순녀,A woman who looks good in jeans,20200319,성인물(에로),일본,잠파
20206585,화끈한 새엄마:뭐든지 해줄게,,20200318,멜로/로맨스,일본,코메이
20206205,수상한동거-무삭제,,20200318,멜로/로맨스,한국,원명준
20206606,새엄마:남편으론 부족해,,20200318,멜로/로맨스,일본,코이케.Jp
20193908,사랑해요 장모님 무삭제,,20200318,멜로/로맨스,한국,최민현
20206605,물오른 새엄마,,20200318,멜로/로맨스,일본,히이라기 엔부
20206604,란제리 입는 새엄마,,20200318,멜로/로맨스,일본,히이라기 엔부
20190024,딸의 애인 3 - 무삭제판,,20200318,멜로/로맨스,한국,정진호
20197236,용길이네 곱창집,Yakiniku Dragon,20200312,드라마,일본,정의신
20199571,스킨,Skin,20200319,드라마,미국,기 나티브
20205361,레닌그라드 대공습,The Cry of Silence,20200317,액션,러시아,무명
20196867,러브돌: 위험한 사랑,,20200303,드라마,미국,프린스턴 홀트
20192448,하숙집 : 굶주린 늑대들,,20200316,멜로/로맨스,한국,김종민
20192864,바꿔 할래?,,20200316,멜로/로맨스,한국,한대위
20205964,올머스트다이,All Must Die,20200312,공포(호러),기타,무명
20194448,스와핑 : 완벽한 이웃 무삭제,,20200312,멜로/로맨스,한국,김부곤
20193539,형수 : 금지된 사랑,,20200311,멜로/로맨스,한국,김진우
20206322,직장상사와 불륜,,20200311,멜로/로맨스,일본,아카바네 키쿠지로
20206321,잘 주는 유부녀들,,20200311,멜로/로맨스,일본,아카바네 키쿠지로
20205642,옆집누나의맛-무삭제,,20200312,멜로/로맨스,한국,천성준
20206341,범해진 신부,,20200311,멜로/로맨스,일본,히이라기 엔부
20206263,동네 오빠들,,20200312,드라마,한국,최정자
20196828,걸즈 앤 판처 최종장,GIRLS und PANZER das FINALE Part1 and Part2(4DX version),20200312,애니메이션,일본,미즈시마 츠토무
20196777,리암 갤러거,Liam Gallagher: As It Was,20200312,다큐멘터리,영국,찰리 라이트닝
20205972,발랑까진 사모님,Wife is a former Yankee,20200310,성인물(에로),일본,무명
20190066,우리 스와핑 할까?,,20200309,멜로/로맨스,한국,한대위
20205205,스콜피온: 대테러 진압 작전,Scorpion,20200309,액션,우즈베키스탄,무명
20206161,친구엄마들:서로의 아들을 탐하다,,20200307,멜로/로맨스,일본,카와사키 군지
20206162,착한 며느리:시아버지의 마지막 부탁,,20200307,멜로/로맨스,일본,사카모토 후토시
20206182,야한며느리:땡기는 날,,20200307,멜로/로맨스,일본,아카바네 키쿠지로
20206164,씨받이:돌아온 탕녀,,20200307,멜로/로맨스,일본,아카바네 키쿠지로
20206181,씨받는 유부녀들:뚫어주는 배관공,,20200307,멜로/로맨스,일본,아카바네 키쿠지로
20206163,섹스클럽:내아내가 다른남자와,,20200307,멜로/로맨스,일본,아카바네 키쿠지로
20193472,친구엄마 : 내 여자가 되던 날 2 무삭제,,20200306,멜로/로맨스,한국,최민현
20192863,밀회 : 동생 아내 무삭제,,20200306,멜로/로맨스,한국,최민현
20204436,목공소에서 생긴 일,,20200306,멜로/로맨스,한국,노현진
20190864,울프 콜,The Wolf's Call,20200305,액션,프랑스,안토닌 보드리
20205242,프론테라스,Fronteras,20200305,액션,미국,앤드류 댄
20206001,악마의 오후 ,Midday Demons,20200305,공포(호러),이탈리아,무명
20198980,친구 이모,,20200304,멜로/로맨스,한국,김부곤
20205701,젊은 형수-음란한 외도 ,,20200304,멜로/로맨스,일본,하라다 칸토나
20185427,아들의 여자 무삭제,,20200304,멜로/로맨스,한국,김부곤
20206050,거부하다 신음하는 여자,,20200304,멜로/로맨스,일본,카와사키 군지
20204681,더 보이 2: 돌아온 브람스 ,Brahms: The Boy Ⅱ,20200305,공포(호러),미국,윌리엄 브렌트 벨
20199642,태국 여행의 목적: 파타야 풀빌라 섹스현장,,20200214,드라마,한국,박은석
20192086,여동생의 사생활,,20200214,멜로/로맨스,한국,이가온
20183629,착한 엄마 3 무삭제,,20200303,멜로/로맨스,한국,김빛나
20204425,목표는 어린 거유숙모,Shinzoku Soukan kaho,20200302,성인물(에로),일본,무명
20204550,포르노 스캔들,Porndemic,20200302,다큐멘터리,미국,무명
20205087,친구엄마의 꼬임,Yujin-no Hahaoya eri,20200302,성인물(에로),일본,무명
20205091,친구엄마는 동정킬러,Shinyu-no Okasan sawamura,20200302,성인물(에로),일본,무명
20205103,초육식계 여상사의 압박,Mukatsuku-Onnajyoshi,20200302,성인물(에로),일본,무명
20204446,초거유 친구엄마는 사춘기,Yujin-no Hahaoya saegusa,20200302,성인물(에로),일본,무명
20205088,초거유 새엄마가 등장!,Kyonyuzuki-no Oyaji,20200302,성인물(에로),일본,무명
20204427,진짜 예쁜 처형과 목욕을,Totsuzen Oshikaketekita Yome saya,20200302,성인물(에로),일본,무명
20205081,음란부인의 대실금,Daishikkin nozomi,20200302,성인물(에로),일본,무명
20205101,오르가즘의 황금손 카미조선생,Inside of Female Ejaculation Shop Q1,20200302,성인물(에로),일본,무명
20204426,엄마친구와 만취한 밤,Haha-no Shinyu enjo,20200302,성인물(에로),일본,무명
20205085,야하게 진찰하는 간호사,Hatanoyui-no Onikoki,20200302,성인물(에로),일본,무명
20204443,아내의 알바는 비밀마사지,Hakutyu-no Hitoduma-Seitaishi,20200302,성인물(에로),일본,무명
20205083,스트레칭 정사-손이 어디까지,Darkside of Stretching Instructor Q1,20200302,성인물(에로),일본,무명
20205086,색스러운 장모님 ,Yome-no Hahaoya ayumi,20200302,성인물(에로),일본,무명
20204445,새엄마와 막장드라마,Kinshin-mugon Soukan kaho,20200302,성인물(에로),일본,무명
20205104,새엄마는 풍속녀,Kinshin-soukan Nakadashi kaori,20200302,성인물(에로),일본,무명
20205090,새엄마는 안마에이스,Kinshin-soukan Nakadashi akari,20200302,성인물(에로),일본,무명
20205102,부장님의 부인이 너무 이뻐서,Bucho-no Okusan aimi,20200302,성인물(에로),일본,무명
20205843,봉사해버린 가정교사,,20200302,성인물(에로),일본,무명
20190819,무림3대고수전,Demon Catcher,20200302,액션,중국,무명
20205089,며느리 사랑은 시아버지,TeinentTaishoku-shite Hima reiko,20200302,성인물(에로),일본,무명
20204424,매일 찾아오는 사채업자,Hitoduma Shitiya 4 iroha,20200302,성인물(에로),일본,무명
20204444,내 친구와 결혼한 하타노 유이,Hahaoya-no Saikon hatano,20200302,성인물(에로),일본,무명
20205082,꽃미모 며느리와 동거,TeinentTaishoku-shite Hima,20200302,성인물(에로),일본,무명
20205322,개인교습,A Barge on the Ocean,20200302,멜로/로맨스,프랑스,무명
20205105,간보는 음란숙모,Shinzoku-soukan miri,20200302,성인물(에로),일본,무명
20205084,각성한 며느리와 시아버지,Kinbaku-Netorare Yome,20200302,성인물(에로),일본,무명
20205943,며느리의 뜨거운 봉사,,20200227,성인물(에로),일본,무명
20205942,며느리의 깊은 정사,,20200227,성인물(에로),일본,무명
20205462,시아버지의 일침,train of one's father-in-law,20200218,성인물(에로),일본,무명
20205921,예쁜 며느리,,20200228,성인물(에로),일본,무명
20205099,몸으로 성공한 태국 처녀,,20200228,드라마,한국,박은석
20205562,친척동생,,20200225,기타,한국,최성은
20205421,원정녀 2호의 사연,,20200225,드라마,한국,최성은
20204338,흑인 복싱 트레이너: 검은 참교육,Torena no kokujin,20200221,드라마,일본,무명
20205161,순진한 태국 모델 꼬시기,,20200221,드라마,한국,박은석
20193722,오르가즘 특강2,,20200220,멜로/로맨스,한국,곽민규
20204701,데스 룰렛,Samaritans,20200220,공포(호러),미국,더그 볼링거
20193692,친구네 엄마,,20200219,멜로/로맨스,한국,유서준
20205535, 약혼녀의 언니 무삭제 ,,20200218,멜로/로맨스,한국,이지은
20205367,형제의 여자,,20200218,드라마,한국,최성은
20205441,여동생,,20200218,드라마,한국,최성은
20205244,두 남자와 노는 여자 ,Peeped Housewife - Electric Fan and Binoculars,20200214,기타,일본,조조 히데오
20193144,투란도트,Turandot,20200208,공연,미국,프랑코 제피렐리
20204907,흥건한 내연녀,Housewive's Habit ,20200207,드라마,일본,무명
20199579,파타야 모델 자매,,20200207,드라마,한국,박은석
20204804,의붓 여동생,,20200207,드라마,한국,최정자
20204963,변태작가의 색스런 이야기,Script Writer's Custom ,20200207,드라마,일본,무명
20204113,엔젤스 폴른,Angels Fallen,20200206,액션,미국,알리 자마니 에스마티
20182757,도화선: 용의 부활 ,Dragonwolf,20200206,액션,미국,레이먼드 후버
20204661,내 친구의 딸,,20200205,멜로/로맨스,한국,유서준
20193688,과외 누나,,20200103,멜로/로맨스,한국,이가온
20190770,어린 이모 3 ,,20200102,멜로/로맨스,한국,계장혁
20192740,친구 아내들 무삭제,,20200227,멜로/로맨스,한국,최민현
20205966,애인 몰래 찾아온 집주인에게 복종,The landlord,20200227,성인물(에로),일본,잠파
20204340,시원찮은 그녀를 위한 육성방법 피날레,Saekano the Movie: Finale,20200227,애니메이션,일본,무명
20198841,막내 형수 2 - 무삭제판,,20200227,멜로/로맨스,한국,최우성
20205967,과장에게 순종하는 육덕 신입사원,Trap of boss,20200227,성인물(에로),일본,잠파
20205342,가슴 큰 태희,,20200227,멜로/로맨스,한국,이동준
20193526,젠틀맨,The Gentlemen,20200226,범죄,미국,가이 리치
20194661,친구 누나 4,,20200226,멜로/로맨스,한국,이민우
20191549,사위 사랑은 장모,,20200226,멜로/로맨스,한국,한대위
20204092,부부교환 하던 날,,20200226,멜로/로맨스,한국,왕지방
20196090,러시아 가정부,,20200226,멜로/로맨스,한국,김환
20205537,굿와이프:아내체험현장 ,,20200226,드라마,한국,한동호
20204521,아내와 처제-확장판,,20200225,멜로/로맨스,한국,노현진
20204440,식모: 머피의 법칙-확장판   ,,20200225,멜로/로맨스,한국,노현진
20199842,인비저블맨,The Invisible Man,20200226,공포(호러),미국,리 워넬
20196312,아내의 애인 3,,20200224,멜로/로맨스,한국,김환
20205540,음란한 이복누나,,20200221,멜로/로맨스,일본,쿠로아카 긴조
20205539,새엄마:나의 첫사랑 여교사,,20200221,멜로/로맨스,일본,카와사키 군지
20205702,물오른 육체:누구라도 좋아,,20200221,멜로/로맨스,일본,아카바네 키쿠지로
20205204,내 여자의 남자들 무삭제판,,20200210,드라마,한국,최정자
20195410,비쎈,Vixen,20200220,드라마,중국,무명
20205092,미안해 사랑이라 불러서 ,Sorry if I call you love,20200220,멜로/로맨스,스페인,무명
20204789,누나의 일기 ,,20200220,멜로/로맨스,한국,김태수
20191131,참한 누나,,20200219,멜로/로맨스,한국,왕지방
20183798,"집에 돌아오면, 언제나 아내가 죽은 척을 하고있다","When I Get Home, My Wife Pretends to Be Dead",20200220,멜로/로맨스,일본,리 토시오
20193913,작가 미상,Werk ohne Autor(Never Look Away),20200220,드라마,독일,플로리안 헨켈 폰 도너스마르크
20205206,집에 찾아온 남편의 상사,Fill in the blank,20200218,성인물(에로),일본,무명
20205347,외도의 이유,,20200218,멜로/로맨스,한국,윤준세
20205192,동생의 어린 아내,Forbidden relationship,20200218,성인물(에로),일본,오자키 히로코우지
20205346,동생 남친 돌려쓰기,,20200218,멜로/로맨스,한국,윤준세
20193911,"하이, 젝시",Jexi,20200219,코미디,미국,존 루카스
20196573,사마에게,For Sama,20200123,다큐멘터리,영국,와드 알-카팁
20204788,봉신연의: 불의 검 외전,The legend of Jiang Ziya,20200217,판타지,중국,무명
20193537, 딥워터 서바이벌,The Chamber,20200116,공포(호러),영국,무명
20192988,슈퍼 베어 ,Super Bear,20200115,액션,미국,무명
20205374,옆집대물:맛 좀 볼까,,20200214,멜로/로맨스,일본,사노 B사쿠
20205368,맛 보고싶어:시아버지의 교육,,20200214,멜로/로맨스,일본,사노 B사쿠
20193213,엄마의 일기 ,,20200130,멜로/로맨스,한국,최우성
20204181,자매의 정사,,20200129,멜로/로맨스,한국,김진호
20204116,데빌 인 더 캐빈,Cabin 28,20200128,공포(호러),미국,앤드류 존스
20204201,다운시커,Dawnseeker,20200128,SF,미국,저스틴 프라이스
20193527,중년 알바: 젖어드는 불륜의 맛,Ase-mamire no berokisu furin yoshizawa akiho,20200123,드라마,일본,무명
20204164,에어리언 대침공 ,Giant Morphing Robots,20200123,액션,미국,무명
20193398,사촌동생들,,20200129,드라마,한국,한동연
20204246,시아버지와 젊은 며느리들,,20200123,멜로/로맨스,한국,이진
20204163,동생의 젊은 아내-감독판,,20200123,멜로/로맨스,한국,이재금
20204448,자매전쟁,,20200122,성인물(에로),한국,리차드 킴
20198028,거친 섹스에 빠진 그녀들,,20200122,드라마,한국,박은석
20196288,아내의 애인 3 무삭제,,20200120,멜로/로맨스,한국,김환
20198029,참지 못하는 여친의 성욕 ,,20200117,드라마,한국,박은석
20204226,월드 워 Z : 아포칼립스,,20200114,공포(호러),영국,무명
20204054,팔려버린 아내,Anatani aisaretakute Honda Misaki,20200113,드라마,일본,사다오카 사다오
20204085,겁탈당한 유부녀,Ottonomenomaedeokasarete Mizuno Asahi,20200113,드라마,일본,무명
20193835,이은미-가슴큰누나 ,,20200110,멜로/로맨스,한국,원명준
20192084,새엄마 동생,,20200110,멜로/로맨스,한국,이동현
20199641,남자에 굶주린 그녀,,20200110,드라마,한국,박은석
20203981,게이트 키퍼: 또 다른 세계,A Rough Draft,20200109,SF,러시아,세르게이 모크리츠키
20205194,정사 : 사돈처녀,,20200211,멜로/로맨스,한국,최민현
20197264,옷 잘 벗는 예쁜 누나 무삭제,,20200211,멜로/로맨스,한국,김부곤
20205207,옆집 사는 젊은 유부녀,"My husband and I, sometimes subordinates",20200211,성인물(에로),일본,잠파
20204663,어른의 맛,A convenient woman,20200211,성인물(에로),일본,히로아키
20205193,순수한 동네 여동생,Summer will come again,20200211,성인물(에로),일본,히로아키
20199953,새아들,,20200211,멜로/로맨스,한국,김환
20205184,맛있는 스와핑 : 두자매,,20200211,멜로/로맨스,한국,최민현
20192240,작은 아씨들,Little Women,20200212,드라마,미국,그레타 거윅
20184891,수퍼 소닉,Sonic the Hedgehog ,20200212,애니메이션,미국,제프 파울러
20204339,후배부부와교환섹스2,,20200207,멜로/로맨스,한국,이정석
20204974,어린 며느리2,MUSYKONO YOME-HINA,20200207,멜로/로맨스,일본,버드맨 텟페이
20204981,아내 대신 장모,TUMAYORIGIBO,20200207,멜로/로맨스,일본,버드맨 텟페이
20204973,불륜 삼매경,NETORARETA ONSENKYOU,20200207,멜로/로맨스,일본,아카바네 키쿠지로
20204920,뜨거운 유부녀들,BINKANNA ONNA,20200207,멜로/로맨스,일본,아카바네 키쿠지로
20204903,음란주택:노예가 된 아내,,20200206,드라마,한국,한동호
20204916,옆집여자:지금 하고 싶어,NAMAIKITUMA,20200206,멜로/로맨스,일본,토미죠 타로
20204428,시아버지의 여자,Gift from his father-in-law,20200206,성인물(에로),일본,오자키 히로코우지
20204919,상대 가리지 않는 유부녀,YOXTUKYUNIKARARETAHITODUMA,20200206,멜로/로맨스,일본,아카바네 키쿠지로
20204917,밝히는 여자들:지금 해주세요,ROUJINSIKAAISENAI-06,20200206,멜로/로맨스,일본,하라다 칸토나
20204918,닳아버린 아내의 그곳,TUMA,20200206,멜로/로맨스,일본,나가에 타카미
20204165,나치 오버로드,WWII: Naval Battle,20200206,액션,미국,롭 팔라티나
20196311,친구엄마들 2 무삭제,,20200205,멜로/로맨스,한국,김환
20204744,밝히는그녀들-무삭제,,20200205,멜로/로맨스,한국,원명준
20196287,친구엄마들 2,,20200204,멜로/로맨스,한국,김환
20199766,전망 좋은 하숙집 무삭제,,20200204,멜로/로맨스,한국,김부곤
20191085,이 멋진 세계에 축복을! 붉은 전설, KonoSuba! Legend of Crimson,20200206,애니메이션,일본,카나사키 타카오미
20198431,버즈 오브 프레이(할리 퀸의 황홀한 해방),BIRDS OF PREY (AND THE FANTABULOUS EMANCIPATION OF ONE HARLEY QUINN),20200205,액션,미국,캐시 얀
20192025,어쩌다 액션 히어로,WELCOME TO ACAPULCO,20200117,액션,멕시코,무명
20191968,돈틀리스: 미드웨이 해전,DAUNTLESS THE BATTLE OF MIDWAY,20200123,전쟁,미국,무명
20191804,여친 언니 2,,20200203,멜로/로맨스,한국,한대위
20199868,소림퇴마: 악마사냥꾼,Demons Hunter – Zhongkui: Nightmare,20200203,액션,중국,무명
20204785,성기사단: 어둠의 마법사,Tower of Silence,20200203,액션,미국,무명
20192365,무협: 절대비기의 비밀,Raiders of the Wu Gorge,20200203,액션,중국,무명
20204401,더 헌티드: 저주받은 집,The Haunted,20200203,공포(호러),영국,무명
20193456,친구엄마의 핑크팬티,Bido-nchi-no Obachan,20200201,성인물(에로),일본,무명
20193459,친구엄마의 속옷은 순결한 하얀색,Neat and beautiful friend mom. Raped by my son's friend… 18,20200201,성인물(에로),일본,무명
20193432,친구엄마는 고양이상,Beautiful friend mom is a tutor. Secret private class… 5,20200201,성인물(에로),일본,무명
20204053,철저하게 더렵혀진 유부녀,Nusumareta Fufuseikatsu kimito,20200201,성인물(에로),일본,무명
20204057,찌질남인 새아들의 연애상담,Jikkuri Yukkuri Kaikan,20200201,성인물(에로),일본,무명
20204782,젊은 새엄마:아빠에겐 비밀이야 ,WAKASUGIRU GOSAI-04,20200201,멜로/로맨스,일본,버드맨 텟페이
20193469,일본호텔 유부녀의 첫날,Wives' First Day of Sex Shop Job Q1,20200201,성인물(에로),일본,무명
20193435,오늘만난 마사지사와 으흥흥흥,Can I Fuck with Female Massager at Provincial Cities? 15 Q1,20200201,성인물(에로),일본,무명
20193455,옆집부인과 달콤한 혼욕,Fufugenka-de Iede-shitekita Tonari-no Okusan,20200201,성인물(에로),일본,무명
20193471,여동생과 여자친구들의 야한 키스,Young Sister on Girl Q1,20200201,성인물(에로),일본,무명
20193434,엄청센 남자모델의 손맛-후편,Wakaduma-tachi-no Hatsujyo-chitai,20200201,성인물(에로),일본,무명
20193433,엄청센 남자모델의 손맛-전편,Wakaduma-tachi-no Hatsujyo-chitai,20200201,성인물(에로),일본,무명
20193470,엄마친구는 야한 여우,Shinyu-no-Okasan,20200201,성인물(에로),일본,무명
20204764,어린 새엄마 길들이기 ,WAKASUGIRU GOSAI-03,20200201,멜로/로맨스,일본,버드맨 텟페이
20204781,야한 방판녀:섹스교육,JITUENHANBAI,20200201,멜로/로맨스,일본,버드맨 텟페이
20204783,시아버지:속궁합이 궁금해,MUSYKONO YOME-MIYUKI,20200201,멜로/로맨스,일본,버드맨 텟페이
20193460,소개팅후 바로 속궁합,Mature women who cannot keep up their desires 3,20200201,성인물(에로),일본,무명
20204084,새엄마의 후끈후끈 욕탕,Yukemuri Kinshin takase,20200201,성인물(에로),일본,무명
20204051,방금 이혼한 사촌누나,Newly Divorced Female Cousin 3 Q1,20200201,성인물(에로),일본,무명
20204058,발 마사지로 시작된 난교,Popular Reflexology Salon for stressful Housewives Q1,20200201,성인물(에로),일본,무명
20193436,만취한 동창회의 스와핑,Great Encounter at Alumni Reunion 3 Q1,20200201,성인물(에로),일본,무명
20193458,듬뿍 젖은 새엄마 - 실컷 흥분 한 날,Relatives Roman Theater. Mothers pouring free love. 2,20200201,성인물(에로),일본,무명
20193468,돈많은 유부녀와 여행계약-후편,Asobi-duma,20200201,성인물(에로),일본,무명
20193467,돈많은 유부녀와 여행계약-전편,Asobi-duma,20200201,성인물(에로),일본,무명
20204055,대낮불륜의 욕정아내,Kamenduma hinata,20200201,성인물(에로),일본,무명
20204083,남자대학후배와 끝장정사,Inbini-Ochita Hitoduma-OL moki,20200201,성인물(에로),일본,무명
20193437,남자 간호사의 문란한 성기록,Seriously Incredible Hospital Q1,20200201,성인물(에로),일본,무명
20192334,애인의 육체코디,Jyunnai-jyoyoku Rezubian,20200103,성인물(에로),일본,무명
20192336,아내의 욕정난 지스팟,Tsuma-no Seiyoku,20200103,성인물(에로),일본,무명
20192371,새팬티로 갈아입은 유부녀,Manshon Danchi Poruno,20200103,성인물(에로),일본,무명
20192373,보랏빛 속옷의 처형,Totsuzen-Oshikaketekita Yome-no-Nesan,20200103,성인물(에로),일본,무명
20192389,목욕탕을 좋아하는 새엄마,Yukemuri Kinshin-sokan,20200103,성인물(에로),일본,무명
20192388,대물인 의붓아들,Dekachin-no-seide Pojishon-ga Sadamaranai,20200103,성인물(에로),일본,무명
20193480,나쁜 남자:내 아내를 몰래 먹다,KIXTUKAKEHA DANNANOTAME,20200103,멜로/로맨스,일본,아카바네 키쿠지로
20192387,꽉찬 느낌이 좋은 새엄마,Secret relationship with mother-in-law. Invited by the appeal of raw skin. 2,20200103,성인물(에로),일본,무명
20192335,꽃미모 며느리에게 갑질,Yome Ryakudatsu,20200103,성인물(에로),일본,무명
20204337,채팅앱-누나의맛-무삭제,,20200131,멜로/로맨스,한국,천성준
20204763,잘 해주는 어린 새엄마,WAKASUGIRU GOSAI-02,20200131,멜로/로맨스,일본,버드맨 텟페이
20204762,야한 누나들-커다란게 좋아,SEBUNKARAZU-02,20200131,멜로/로맨스,일본,칸바라 이쿠토
20204766,아주버님의 거친 매력,YOXTUKYUHUMANNO,20200131,멜로/로맨스,일본,토미죠 타로
20204082,살인병기 격리구역,Secret Area,20200131,액션,중국,무명
20204765,남편상사에게 뺏긴 아내,UXTUKARIMUNETIRAOKUSAN,20200131,멜로/로맨스,일본,버드맨 텟페이
20204551,한번 맛보면 참을 수 없는 육덕 유부녀 ,The abstinence,20200130,성인물(에로),일본,잠파
20204662,얼굴에 육덕둔부 들이미는 친구아내,The Friends wife,20200130,성인물(에로),일본,오자키 히로코우지
20204447,불량탐정: 먹이사슬,,20200122,성인물(에로),한국,리차드 킴
20190009,카잔자키스,Kazantzakis,20200130,드라마,기타,무명
20204242,택배기사의 참교육,Ottonomenomaedeokasaretetogu Suzu,20200129,드라마,일본,무명
20191507,처제의 비밀,,20200129,멜로/로맨스,한국,최재후
20194322,에릭 클랩튼: 기타의 신,Eric Clapton: Life in 12 Bars,20200123,다큐멘터리,영국,릴리 피니 자눅
20204162,나이트 헌터,Nomis,20200129,액션,캐나다,무명
20193364,목격자-눈이 없는 아이,The Bystander,20200129,공포(호러),중국,심용
20204049,지옥행 특급택시,The Fare,20200127,SF,미국,무명
20193474,유부녀들 : 남편 바꾸기 ,,20200127,멜로/로맨스,한국,김진우
20204050,루시드: 자각몽,Lucid,20200124,SF,영국,무명
20193111,정사: 금지된 사랑,Open,20200123,멜로/로맨스,헝가리,무명
20193214,어린 누나 4,,20200123,멜로/로맨스,한국,김태수
20204241,위로해준 시동생,"Anata, yurushite Kotone",20200122,드라마,일본,나기라 겐조
20204433,어리고 이쁜 새엄마,,20200122,멜로/로맨스,일본,버드맨 텟페이
20204461,쌔끈한 며느리,MUSYKONO YOME-NAO,20200122,멜로/로맨스,일본,버드맨 텟페이
20204602,스와핑 : 아내의 동의 ,,20200122,멜로/로맨스,한국,최민현
20204542,속궁합 잘 맞는 친구엄마,,20200122,멜로/로맨스,한국,최민현
20204434,남편친구:손기술에 가버린 아내,KUSETU,20200122,멜로/로맨스,일본,사노 B사쿠
20204435,남편선배:속궁합이 궁금해,GIRAUHIT0-01,20200122,멜로/로맨스,일본,토미죠 타로
20192604,오즈의 마법사: 요술구두와 말하는 책,Fantastic Return to OZ,20200122,애니메이션,러시아,무명
20190809,마리오 보타 : 영혼을 위한 건축 ,"Mario Bootta, The Space Beyond",20200123,다큐멘터리,스위스,로레타 달포죠
20198676,타오르는 여인의 초상,Portrait of a Lady on Fire,20200116,드라마,프랑스,셀린 시아마
20192300,스파이 지니어스 ,Spies in Disguise,20200122,애니메이션,미국,닉 브루노
20204059,직장상사에게 빼앗긴 아내,"Secret, just between the two of us",20200121,성인물(에로),일본,오자키 히로코우지
20204052,아줌맛,Honne and Tatemae,20200121,성인물(에로),일본,오자키 히로코우지
20195894,1944 대전투,The Crossroads,20200121,전쟁,프랑스,데이빗 아부카야
20204334,자매들:감금의 추억,,20200117,드라마,한국,한동호
20204325,음란 며느리,,20200117,멜로/로맨스,일본,버드맨 텟페이
20193909,스와핑 : 잘못된 쾌락,,20200117,멜로/로맨스,한국,최민현
20193429,더러운 아내,,20200117,드라마,한국,최정자
20204244,파라다이스 인 푸켓:유학생의 맛 무삭제판,,20200116,멜로/로맨스,한국,윤준세
20204243,파라다이스 인 푸켓:여대생의 맛 무삭제판,,20200116,멜로/로맨스,한국,윤준세
20204227,친구의 육덕진 딸 첫경험 시키기 ,Daughter of subordinate,20200116,성인물(에로),일본,무명
20191799,주말 오후6시의 연인,,20200116,멜로/로맨스,한국,왕지방
20193647,우아한 만찬,Beatriz at Dinner,20200116,코미디,미국,미구엘 아테타
20190962,벌룬, Balloon,20200116,드라마,독일,미카엘 헤르비그
20193478,브라 이야기,The Bra,20200116,드라마,독일,바이트 헬머
20197401,신의 은총으로,Grace a Dieu,20200116,드라마,프랑스,프랑수아 오종
20204032,맛있는여대생들-무삭제,,20200115,멜로/로맨스,한국,천성준
20196670,나쁜 녀석들: 포에버,Bad Boys for Life,20200115,액션,미국,아딜 엘 아르비
20192987,스파이즈 ,Spycies,20200115,애니메이션,프랑스,기욤 이베르넬
20199117,트레져 헌터: 비밀의 책,TOMB GUARDIANS II : THE SEA OF DEATH,20200114,멜로/로맨스,중국,무명
20204056,유부녀 여상사와 출장,Woman’s instinct,20200114,성인물(에로),일본,오자키 히로코우지
20204088,나를 유혹한 여친의 친구,Pure love score of 3 days,20200114,성인물(에로),일본,오자키 히로코우지
20194975,소녀가 소녀에게,Girls Encounter,20200109,드라마,일본,에다 유카
20193184,일 트로바토레,Il Trovatore,20200112,공연,독일,프랑코 제피렐리
20193393,어린 관리사 ,,20200110,성인물(에로),한국,최성은
20197751,무림방주: 절대고수의 탄생 ,,20200110,사극,중국,조지
20192507,도도녀 길들이기 ,,20200110,멜로/로맨스,한국,신성진
20204089,친구엄마들:세 친구의 스와핑,SIN TOMONOHAHA 01,20200109,멜로/로맨스,일본,카와사키 군지
20191311,차일드 인 타임,The Child in Time,20200109,드라마,영국,줄리언 파리노
20193686,잠 못 이루는 섹스2 무삭제판,,20200109,성인물(에로),한국,이민환
20190740,어린 처형 3,,20200109,멜로/로맨스,한국,정진호
20204090,애인:일본 유부녀들,KYAKUTONERUTUMA,20200109,멜로/로맨스,일본,카와사키 군지
20190851,썩시드,SUCKSEED,20200109,코미디,태국,차야놉 분프라콥
20193524,수상한동거 ,,20200109,멜로/로맨스,한국,원명준
20197972,리틀 큐,Little Q,20200109,드라마,홍콩,나영창
20204060,나쁜 섹스:겁탈 당한 아내3,OKASARETEMOWASURENAI-01,20200109,멜로/로맨스,일본,하라다 칸토나
20204101,꼬치집:과부 여주인,KANASIMIYOKOTYOUNOONNA,20200109,멜로/로맨스,일본,카와사키 군지
20192370,디어스킨,Deerskin,20200101,스릴러,프랑스,무명
20196161,타발루가와 얼음공주,TABALUGA,20200108,애니메이션,독일,스벤 운터발트 주니어
20203922,아내의유혹-무삭제,,20200108,멜로/로맨스,한국,천성준
20199581,닥터 두리틀,Dolittle,20200108,판타지,미국,스티븐 개건
20195462,스타워즈: 라이즈 오브 스카이워커,Star Wars: The Rise of Skywalker ,20200108,액션,미국,J.J. 에이브럼스
20193691,스와핑 동창회,,20200107,성인물(에로),한국,김석만
20193870,데릴사위 : 젊은 장모를 탐하다,,20200106,멜로/로맨스,한국,최민현
20192392,허락해버린 간호사,Kotsujiko-de Nyuin,20200106,성인물(에로),일본,무명
20192391,친구엄마와 핵재미,Yujin-no Hahaoya,20200106,성인물(에로),일본,무명
20192390,처형과의 1박2일,Totsuzen Oshikaketekita Yome-no-Nesan,20200106,성인물(에로),일본,무명
20192380,정년퇴직한 변태 시아버지,Teinen Taishoku-shite Hima-ninatta,20200106,성인물(에로),일본,무명
20192403,엄청 야한 새엄마,Kinshin Hatuyume Soukan,20200106,성인물(에로),일본,무명
20192376,실수한 부인과 불륜정사,Daishikkin,20200106,성인물(에로),일본,무명
20192377,남편상사와의 속궁합,Otto-no Jyoshi-ni Okasarenagara,20200106,성인물(에로),일본,무명
20192379,나를 꼬시는 가정교사,Daitan-na Chirarizumu-de Boku-wo Yuwakusuru,20200106,성인물(에로),일본,무명
20192378,끝까지 가는 새엄마,Kinshin Mugon Soukan,20200106,성인물(에로),일본,무명
20193839,19금 연애소설,,20200106,멜로/로맨스,한국,윤준세
20193840,19금 불륜소설,,20200106,멜로/로맨스,한국,윤준세
20196412,파바로티,Pavarotti,20200101,다큐멘터리,영국,론 하워드
20192337,활짝 열린 미망인의 꽃,Yome 30sai,20200103,성인물(에로),일본,무명
20192340,친구엄마도 여자인데,Yuji-no Hahaoya,20200103,성인물(에로),일본,무명
20192375,친구아들과 목욕탕 불륜,Haha-no Shinyu,20200103,성인물(에로),일본,무명
20192374,치한 전철 화장실,Hitoduma Asedaku Rasshu Awa,20200103,성인물(에로),일본,무명
20193685,착한 며느리:밤이 외로워,MUSYKONO YOME-SORA,20200103,멜로/로맨스,일본,버드맨 텟페이
20192385,젖은 속옷의 마사지사 - 흥분지수,I remember the joy as a woman ... 4 masseuse female masseurs,20200103,성인물(에로),일본,무명
20193485,정사:착한 며느리2,SYOWANO EROSU,20200103,멜로/로맨스,일본,아카바네 키쿠지로
20193540,잘 벗는 옆집여자,ARUTYUUNO OKUSAN,20200103,멜로/로맨스,일본,버드맨 텟페이
20193703,음란한 방문 서비스,HIWAISABISU,20200103,멜로/로맨스,일본,히이라기 엔부
20192339,욕정을 받아주는 가정교사,Daitan-na Chirarizumu-de Boku-wo Yuwakusuru,20200103,성인물(에로),일본,무명
20192338,외로운 새엄마와 욕탕에서,Yukemuri-Kinshinsokan,20200103,성인물(에로),일본,무명
20191532,아내와 내 친구들,,20200103,멜로/로맨스,한국,최재후
20192386,돌싱들의 야릇한 소개팅 - 화끈하다,Mature women who cannot keep up their desires 2,20200103,성인물(에로),일본,무명
20193687,남편보단 낯선 남자,SUTOKANIKEGASARETATUMA,20200103,멜로/로맨스,일본,하라다 칸토나
